,created_utc,subreddit
0,"{'doc_count': 1957, 'key': 1556668800}",askreddit
1,"{'doc_count': 15817, 'key': 1556755200}",askreddit
2,"{'doc_count': 14822, 'key': 1556841600}",askreddit
3,"{'doc_count': 14023, 'key': 1556928000}",askreddit
4,"{'doc_count': 15248, 'key': 1557014400}",askreddit
5,"{'doc_count': 15681, 'key': 1557100800}",askreddit
6,"{'doc_count': 15553, 'key': 1557187200}",askreddit
7,"{'doc_count': 15129, 'key': 1557273600}",askreddit
8,"{'doc_count': 14605, 'key': 1557360000}",askreddit
9,"{'doc_count': 13964, 'key': 1557446400}",askreddit
10,"{'doc_count': 13035, 'key': 1557532800}",askreddit
11,"{'doc_count': 14432, 'key': 1557619200}",askreddit
12,"{'doc_count': 13811, 'key': 1557705600}",askreddit
13,"{'doc_count': 14944, 'key': 1557792000}",askreddit
14,"{'doc_count': 15116, 'key': 1557878400}",askreddit
15,"{'doc_count': 14894, 'key': 1557964800}",askreddit
16,"{'doc_count': 14514, 'key': 1558051200}",askreddit
17,"{'doc_count': 11344, 'key': 1558137600}",askreddit
18,"{'doc_count': 13171, 'key': 1558224000}",askreddit
19,"{'doc_count': 12875, 'key': 1558310400}",askreddit
20,"{'doc_count': 13694, 'key': 1558396800}",askreddit
21,"{'doc_count': 14130, 'key': 1558483200}",askreddit
22,"{'doc_count': 13114, 'key': 1558569600}",askreddit
23,"{'doc_count': 12890, 'key': 1558656000}",askreddit
24,"{'doc_count': 11880, 'key': 1558742400}",askreddit
25,"{'doc_count': 12216, 'key': 1558828800}",askreddit
26,"{'doc_count': 13558, 'key': 1558915200}",askreddit
27,"{'doc_count': 14532, 'key': 1559001600}",askreddit
28,"{'doc_count': 14492, 'key': 1559088000}",askreddit
29,"{'doc_count': 15055, 'key': 1559174400}",askreddit
30,"{'doc_count': 14619, 'key': 1559260800}",askreddit
31,"{'doc_count': 13360, 'key': 1559347200}",askreddit
32,"{'doc_count': 14436, 'key': 1559433600}",askreddit
33,"{'doc_count': 15044, 'key': 1559520000}",askreddit
34,"{'doc_count': 15771, 'key': 1559606400}",askreddit
35,"{'doc_count': 15645, 'key': 1559692800}",askreddit
36,"{'doc_count': 14625, 'key': 1559779200}",askreddit
37,"{'doc_count': 13601, 'key': 1559865600}",askreddit
38,"{'doc_count': 12859, 'key': 1559952000}",askreddit
39,"{'doc_count': 13337, 'key': 1560038400}",askreddit
40,"{'doc_count': 13873, 'key': 1560124800}",askreddit
41,"{'doc_count': 14100, 'key': 1560211200}",askreddit
42,"{'doc_count': 15382, 'key': 1560297600}",askreddit
43,"{'doc_count': 14726, 'key': 1560384000}",askreddit
44,"{'doc_count': 14550, 'key': 1560470400}",askreddit
45,"{'doc_count': 13499, 'key': 1560556800}",askreddit
46,"{'doc_count': 14885, 'key': 1560643200}",askreddit
47,"{'doc_count': 14192, 'key': 1560729600}",askreddit
48,"{'doc_count': 14454, 'key': 1560816000}",askreddit
49,"{'doc_count': 15431, 'key': 1560902400}",askreddit
50,"{'doc_count': 15317, 'key': 1560988800}",askreddit
51,"{'doc_count': 14340, 'key': 1561075200}",askreddit
52,"{'doc_count': 13305, 'key': 1561161600}",askreddit
53,"{'doc_count': 14401, 'key': 1561248000}",askreddit
54,"{'doc_count': 15693, 'key': 1561334400}",askreddit
55,"{'doc_count': 14862, 'key': 1561420800}",askreddit
56,"{'doc_count': 14925, 'key': 1561507200}",askreddit
57,"{'doc_count': 15004, 'key': 1561593600}",askreddit
58,"{'doc_count': 14377, 'key': 1561680000}",askreddit
59,"{'doc_count': 13120, 'key': 1561766400}",askreddit
60,"{'doc_count': 13111, 'key': 1561852800}",askreddit
61,"{'doc_count': 13818, 'key': 1561939200}",askreddit
62,"{'doc_count': 13825, 'key': 1562025600}",askreddit
63,"{'doc_count': 13206, 'key': 1562112000}",askreddit
64,"{'doc_count': 13578, 'key': 1562198400}",askreddit
65,"{'doc_count': 13049, 'key': 1562284800}",askreddit
66,"{'doc_count': 13244, 'key': 1562371200}",askreddit
67,"{'doc_count': 13207, 'key': 1562457600}",askreddit
68,"{'doc_count': 14035, 'key': 1562544000}",askreddit
69,"{'doc_count': 15058, 'key': 1562630400}",askreddit
70,"{'doc_count': 15186, 'key': 1562716800}",askreddit
71,"{'doc_count': 15186, 'key': 1562803200}",askreddit
72,"{'doc_count': 15720, 'key': 1562889600}",askreddit
73,"{'doc_count': 15215, 'key': 1562976000}",askreddit
74,"{'doc_count': 15208, 'key': 1563062400}",askreddit
75,"{'doc_count': 14961, 'key': 1563148800}",askreddit
76,"{'doc_count': 16759, 'key': 1563235200}",askreddit
77,"{'doc_count': 16251, 'key': 1563321600}",askreddit
78,"{'doc_count': 16361, 'key': 1563408000}",askreddit
79,"{'doc_count': 15427, 'key': 1563494400}",askreddit
80,"{'doc_count': 14684, 'key': 1563580800}",askreddit
81,"{'doc_count': 14697, 'key': 1563667200}",askreddit
82,"{'doc_count': 16387, 'key': 1563753600}",askreddit
83,"{'doc_count': 16823, 'key': 1563840000}",askreddit
84,"{'doc_count': 16492, 'key': 1563926400}",askreddit
85,"{'doc_count': 16840, 'key': 1564012800}",askreddit
86,"{'doc_count': 17633, 'key': 1564099200}",askreddit
87,"{'doc_count': 17116, 'key': 1564185600}",askreddit
88,"{'doc_count': 16596, 'key': 1564272000}",askreddit
89,"{'doc_count': 16467, 'key': 1564358400}",askreddit
90,"{'doc_count': 16035, 'key': 1564444800}",askreddit
0,"{'doc_count': 37, 'key': 1556668800}",askscience
1,"{'doc_count': 457, 'key': 1556755200}",askscience
2,"{'doc_count': 444, 'key': 1556841600}",askscience
3,"{'doc_count': 368, 'key': 1556928000}",askscience
4,"{'doc_count': 402, 'key': 1557014400}",askscience
5,"{'doc_count': 370, 'key': 1557100800}",askscience
6,"{'doc_count': 400, 'key': 1557187200}",askscience
7,"{'doc_count': 470, 'key': 1557273600}",askscience
8,"{'doc_count': 393, 'key': 1557360000}",askscience
9,"{'doc_count': 362, 'key': 1557446400}",askscience
10,"{'doc_count': 395, 'key': 1557532800}",askscience
11,"{'doc_count': 395, 'key': 1557619200}",askscience
12,"{'doc_count': 366, 'key': 1557705600}",askscience
13,"{'doc_count': 398, 'key': 1557792000}",askscience
14,"{'doc_count': 369, 'key': 1557878400}",askscience
15,"{'doc_count': 375, 'key': 1557964800}",askscience
16,"{'doc_count': 406, 'key': 1558051200}",askscience
17,"{'doc_count': 330, 'key': 1558137600}",askscience
18,"{'doc_count': 353, 'key': 1558224000}",askscience
19,"{'doc_count': 326, 'key': 1558310400}",askscience
20,"{'doc_count': 339, 'key': 1558396800}",askscience
21,"{'doc_count': 380, 'key': 1558483200}",askscience
22,"{'doc_count': 355, 'key': 1558569600}",askscience
23,"{'doc_count': 329, 'key': 1558656000}",askscience
24,"{'doc_count': 288, 'key': 1558742400}",askscience
25,"{'doc_count': 338, 'key': 1558828800}",askscience
26,"{'doc_count': 330, 'key': 1558915200}",askscience
27,"{'doc_count': 352, 'key': 1559001600}",askscience
28,"{'doc_count': 369, 'key': 1559088000}",askscience
29,"{'doc_count': 341, 'key': 1559174400}",askscience
30,"{'doc_count': 376, 'key': 1559260800}",askscience
31,"{'doc_count': 362, 'key': 1559347200}",askscience
32,"{'doc_count': 359, 'key': 1559433600}",askscience
33,"{'doc_count': 402, 'key': 1559520000}",askscience
34,"{'doc_count': 327, 'key': 1559606400}",askscience
35,"{'doc_count': 373, 'key': 1559692800}",askscience
36,"{'doc_count': 350, 'key': 1559779200}",askscience
37,"{'doc_count': 342, 'key': 1559865600}",askscience
38,"{'doc_count': 326, 'key': 1559952000}",askscience
39,"{'doc_count': 345, 'key': 1560038400}",askscience
40,"{'doc_count': 308, 'key': 1560124800}",askscience
41,"{'doc_count': 344, 'key': 1560211200}",askscience
42,"{'doc_count': 355, 'key': 1560297600}",askscience
43,"{'doc_count': 353, 'key': 1560384000}",askscience
44,"{'doc_count': 304, 'key': 1560470400}",askscience
45,"{'doc_count': 348, 'key': 1560556800}",askscience
46,"{'doc_count': 417, 'key': 1560643200}",askscience
47,"{'doc_count': 380, 'key': 1560729600}",askscience
48,"{'doc_count': 401, 'key': 1560816000}",askscience
49,"{'doc_count': 337, 'key': 1560902400}",askscience
50,"{'doc_count': 339, 'key': 1560988800}",askscience
51,"{'doc_count': 343, 'key': 1561075200}",askscience
52,"{'doc_count': 309, 'key': 1561161600}",askscience
53,"{'doc_count': 353, 'key': 1561248000}",askscience
54,"{'doc_count': 349, 'key': 1561334400}",askscience
55,"{'doc_count': 368, 'key': 1561420800}",askscience
56,"{'doc_count': 383, 'key': 1561507200}",askscience
57,"{'doc_count': 372, 'key': 1561593600}",askscience
58,"{'doc_count': 332, 'key': 1561680000}",askscience
59,"{'doc_count': 325, 'key': 1561766400}",askscience
60,"{'doc_count': 332, 'key': 1561852800}",askscience
61,"{'doc_count': 328, 'key': 1561939200}",askscience
62,"{'doc_count': 335, 'key': 1562025600}",askscience
63,"{'doc_count': 328, 'key': 1562112000}",askscience
64,"{'doc_count': 301, 'key': 1562198400}",askscience
65,"{'doc_count': 320, 'key': 1562284800}",askscience
66,"{'doc_count': 326, 'key': 1562371200}",askscience
67,"{'doc_count': 338, 'key': 1562457600}",askscience
68,"{'doc_count': 399, 'key': 1562544000}",askscience
69,"{'doc_count': 416, 'key': 1562630400}",askscience
70,"{'doc_count': 412, 'key': 1562716800}",askscience
71,"{'doc_count': 367, 'key': 1562803200}",askscience
72,"{'doc_count': 326, 'key': 1562889600}",askscience
73,"{'doc_count': 312, 'key': 1562976000}",askscience
74,"{'doc_count': 323, 'key': 1563062400}",askscience
75,"{'doc_count': 371, 'key': 1563148800}",askscience
76,"{'doc_count': 365, 'key': 1563235200}",askscience
77,"{'doc_count': 351, 'key': 1563321600}",askscience
78,"{'doc_count': 376, 'key': 1563408000}",askscience
79,"{'doc_count': 380, 'key': 1563494400}",askscience
80,"{'doc_count': 343, 'key': 1563580800}",askscience
81,"{'doc_count': 353, 'key': 1563667200}",askscience
82,"{'doc_count': 354, 'key': 1563753600}",askscience
83,"{'doc_count': 382, 'key': 1563840000}",askscience
84,"{'doc_count': 379, 'key': 1563926400}",askscience
85,"{'doc_count': 339, 'key': 1564012800}",askscience
86,"{'doc_count': 329, 'key': 1564099200}",askscience
87,"{'doc_count': 312, 'key': 1564185600}",askscience
88,"{'doc_count': 284, 'key': 1564272000}",askscience
89,"{'doc_count': 323, 'key': 1564358400}",askscience
90,"{'doc_count': 285, 'key': 1564444800}",askscience
0,"{'doc_count': 20, 'key': 1556668800}",askhistorians
1,"{'doc_count': 166, 'key': 1556755200}",askhistorians
2,"{'doc_count': 169, 'key': 1556841600}",askhistorians
3,"{'doc_count': 148, 'key': 1556928000}",askhistorians
4,"{'doc_count': 167, 'key': 1557014400}",askhistorians
5,"{'doc_count': 168, 'key': 1557100800}",askhistorians
6,"{'doc_count': 186, 'key': 1557187200}",askhistorians
7,"{'doc_count': 184, 'key': 1557273600}",askhistorians
8,"{'doc_count': 176, 'key': 1557360000}",askhistorians
9,"{'doc_count': 158, 'key': 1557446400}",askhistorians
10,"{'doc_count': 147, 'key': 1557532800}",askhistorians
11,"{'doc_count': 171, 'key': 1557619200}",askhistorians
12,"{'doc_count': 165, 'key': 1557705600}",askhistorians
13,"{'doc_count': 155, 'key': 1557792000}",askhistorians
14,"{'doc_count': 163, 'key': 1557878400}",askhistorians
15,"{'doc_count': 195, 'key': 1557964800}",askhistorians
16,"{'doc_count': 143, 'key': 1558051200}",askhistorians
17,"{'doc_count': 145, 'key': 1558137600}",askhistorians
18,"{'doc_count': 150, 'key': 1558224000}",askhistorians
19,"{'doc_count': 162, 'key': 1558310400}",askhistorians
20,"{'doc_count': 143, 'key': 1558396800}",askhistorians
21,"{'doc_count': 164, 'key': 1558483200}",askhistorians
22,"{'doc_count': 171, 'key': 1558569600}",askhistorians
23,"{'doc_count': 153, 'key': 1558656000}",askhistorians
24,"{'doc_count': 145, 'key': 1558742400}",askhistorians
25,"{'doc_count': 146, 'key': 1558828800}",askhistorians
26,"{'doc_count': 174, 'key': 1558915200}",askhistorians
27,"{'doc_count': 169, 'key': 1559001600}",askhistorians
28,"{'doc_count': 170, 'key': 1559088000}",askhistorians
29,"{'doc_count': 189, 'key': 1559174400}",askhistorians
30,"{'doc_count': 157, 'key': 1559260800}",askhistorians
31,"{'doc_count': 161, 'key': 1559347200}",askhistorians
32,"{'doc_count': 154, 'key': 1559433600}",askhistorians
33,"{'doc_count': 181, 'key': 1559520000}",askhistorians
34,"{'doc_count': 151, 'key': 1559606400}",askhistorians
35,"{'doc_count': 153, 'key': 1559692800}",askhistorians
36,"{'doc_count': 192, 'key': 1559779200}",askhistorians
37,"{'doc_count': 165, 'key': 1559865600}",askhistorians
38,"{'doc_count': 164, 'key': 1559952000}",askhistorians
39,"{'doc_count': 165, 'key': 1560038400}",askhistorians
40,"{'doc_count': 174, 'key': 1560124800}",askhistorians
41,"{'doc_count': 165, 'key': 1560211200}",askhistorians
42,"{'doc_count': 137, 'key': 1560297600}",askhistorians
43,"{'doc_count': 166, 'key': 1560384000}",askhistorians
44,"{'doc_count': 138, 'key': 1560470400}",askhistorians
45,"{'doc_count': 145, 'key': 1560556800}",askhistorians
46,"{'doc_count': 168, 'key': 1560643200}",askhistorians
47,"{'doc_count': 174, 'key': 1560729600}",askhistorians
48,"{'doc_count': 138, 'key': 1560816000}",askhistorians
49,"{'doc_count': 191, 'key': 1560902400}",askhistorians
50,"{'doc_count': 185, 'key': 1560988800}",askhistorians
51,"{'doc_count': 175, 'key': 1561075200}",askhistorians
52,"{'doc_count': 151, 'key': 1561161600}",askhistorians
53,"{'doc_count': 160, 'key': 1561248000}",askhistorians
54,"{'doc_count': 172, 'key': 1561334400}",askhistorians
55,"{'doc_count': 141, 'key': 1561420800}",askhistorians
56,"{'doc_count': 143, 'key': 1561507200}",askhistorians
57,"{'doc_count': 162, 'key': 1561593600}",askhistorians
58,"{'doc_count': 133, 'key': 1561680000}",askhistorians
59,"{'doc_count': 128, 'key': 1561766400}",askhistorians
60,"{'doc_count': 156, 'key': 1561852800}",askhistorians
61,"{'doc_count': 177, 'key': 1561939200}",askhistorians
62,"{'doc_count': 158, 'key': 1562025600}",askhistorians
63,"{'doc_count': 177, 'key': 1562112000}",askhistorians
64,"{'doc_count': 144, 'key': 1562198400}",askhistorians
65,"{'doc_count': 151, 'key': 1562284800}",askhistorians
66,"{'doc_count': 133, 'key': 1562371200}",askhistorians
67,"{'doc_count': 247, 'key': 1562457600}",askhistorians
68,"{'doc_count': 201, 'key': 1562544000}",askhistorians
69,"{'doc_count': 187, 'key': 1562630400}",askhistorians
70,"{'doc_count': 181, 'key': 1562716800}",askhistorians
71,"{'doc_count': 191, 'key': 1562803200}",askhistorians
72,"{'doc_count': 151, 'key': 1562889600}",askhistorians
73,"{'doc_count': 155, 'key': 1562976000}",askhistorians
74,"{'doc_count': 157, 'key': 1563062400}",askhistorians
75,"{'doc_count': 170, 'key': 1563148800}",askhistorians
76,"{'doc_count': 158, 'key': 1563235200}",askhistorians
77,"{'doc_count': 179, 'key': 1563321600}",askhistorians
78,"{'doc_count': 187, 'key': 1563408000}",askhistorians
79,"{'doc_count': 167, 'key': 1563494400}",askhistorians
80,"{'doc_count': 148, 'key': 1563580800}",askhistorians
81,"{'doc_count': 179, 'key': 1563667200}",askhistorians
82,"{'doc_count': 190, 'key': 1563753600}",askhistorians
83,"{'doc_count': 167, 'key': 1563840000}",askhistorians
84,"{'doc_count': 167, 'key': 1563926400}",askhistorians
85,"{'doc_count': 194, 'key': 1564012800}",askhistorians
86,"{'doc_count': 178, 'key': 1564099200}",askhistorians
87,"{'doc_count': 159, 'key': 1564185600}",askhistorians
88,"{'doc_count': 153, 'key': 1564272000}",askhistorians
89,"{'doc_count': 155, 'key': 1564358400}",askhistorians
90,"{'doc_count': 153, 'key': 1564444800}",askhistorians
0,"{'doc_count': 1, 'key': 1556668800}",askcomputerscience
1,"{'doc_count': 7, 'key': 1556755200}",askcomputerscience
2,"{'doc_count': 17, 'key': 1556841600}",askcomputerscience
3,"{'doc_count': 13, 'key': 1556928000}",askcomputerscience
4,"{'doc_count': 11, 'key': 1557014400}",askcomputerscience
5,"{'doc_count': 12, 'key': 1557100800}",askcomputerscience
6,"{'doc_count': 13, 'key': 1557187200}",askcomputerscience
7,"{'doc_count': 14, 'key': 1557273600}",askcomputerscience
8,"{'doc_count': 15, 'key': 1557360000}",askcomputerscience
9,"{'doc_count': 12, 'key': 1557446400}",askcomputerscience
10,"{'doc_count': 7, 'key': 1557532800}",askcomputerscience
11,"{'doc_count': 7, 'key': 1557619200}",askcomputerscience
12,"{'doc_count': 11, 'key': 1557705600}",askcomputerscience
13,"{'doc_count': 9, 'key': 1557792000}",askcomputerscience
14,"{'doc_count': 18, 'key': 1557878400}",askcomputerscience
15,"{'doc_count': 13, 'key': 1557964800}",askcomputerscience
16,"{'doc_count': 14, 'key': 1558051200}",askcomputerscience
17,"{'doc_count': 6, 'key': 1558137600}",askcomputerscience
18,"{'doc_count': 13, 'key': 1558224000}",askcomputerscience
19,"{'doc_count': 15, 'key': 1558310400}",askcomputerscience
20,"{'doc_count': 10, 'key': 1558396800}",askcomputerscience
21,"{'doc_count': 7, 'key': 1558483200}",askcomputerscience
22,"{'doc_count': 9, 'key': 1558569600}",askcomputerscience
23,"{'doc_count': 12, 'key': 1558656000}",askcomputerscience
24,"{'doc_count': 10, 'key': 1558742400}",askcomputerscience
25,"{'doc_count': 12, 'key': 1558828800}",askcomputerscience
26,"{'doc_count': 12, 'key': 1558915200}",askcomputerscience
27,"{'doc_count': 9, 'key': 1559001600}",askcomputerscience
28,"{'doc_count': 15, 'key': 1559088000}",askcomputerscience
29,"{'doc_count': 17, 'key': 1559174400}",askcomputerscience
30,"{'doc_count': 9, 'key': 1559260800}",askcomputerscience
31,"{'doc_count': 9, 'key': 1559347200}",askcomputerscience
32,"{'doc_count': 11, 'key': 1559433600}",askcomputerscience
33,"{'doc_count': 14, 'key': 1559520000}",askcomputerscience
34,"{'doc_count': 16, 'key': 1559606400}",askcomputerscience
35,"{'doc_count': 18, 'key': 1559692800}",askcomputerscience
36,"{'doc_count': 6, 'key': 1559779200}",askcomputerscience
37,"{'doc_count': 14, 'key': 1559865600}",askcomputerscience
38,"{'doc_count': 10, 'key': 1559952000}",askcomputerscience
39,"{'doc_count': 7, 'key': 1560038400}",askcomputerscience
40,"{'doc_count': 13, 'key': 1560124800}",askcomputerscience
41,"{'doc_count': 7, 'key': 1560211200}",askcomputerscience
42,"{'doc_count': 16, 'key': 1560297600}",askcomputerscience
43,"{'doc_count': 13, 'key': 1560384000}",askcomputerscience
44,"{'doc_count': 9, 'key': 1560470400}",askcomputerscience
45,"{'doc_count': 9, 'key': 1560556800}",askcomputerscience
46,"{'doc_count': 7, 'key': 1560643200}",askcomputerscience
47,"{'doc_count': 13, 'key': 1560729600}",askcomputerscience
48,"{'doc_count': 17, 'key': 1560816000}",askcomputerscience
49,"{'doc_count': 9, 'key': 1560902400}",askcomputerscience
50,"{'doc_count': 10, 'key': 1560988800}",askcomputerscience
51,"{'doc_count': 9, 'key': 1561075200}",askcomputerscience
52,"{'doc_count': 9, 'key': 1561161600}",askcomputerscience
53,"{'doc_count': 7, 'key': 1561248000}",askcomputerscience
54,"{'doc_count': 7, 'key': 1561334400}",askcomputerscience
55,"{'doc_count': 14, 'key': 1561420800}",askcomputerscience
56,"{'doc_count': 10, 'key': 1561507200}",askcomputerscience
57,"{'doc_count': 8, 'key': 1561593600}",askcomputerscience
58,"{'doc_count': 10, 'key': 1561680000}",askcomputerscience
59,"{'doc_count': 11, 'key': 1561766400}",askcomputerscience
60,"{'doc_count': 9, 'key': 1561852800}",askcomputerscience
61,"{'doc_count': 5, 'key': 1561939200}",askcomputerscience
62,"{'doc_count': 10, 'key': 1562025600}",askcomputerscience
63,"{'doc_count': 9, 'key': 1562112000}",askcomputerscience
64,"{'doc_count': 11, 'key': 1562198400}",askcomputerscience
65,"{'doc_count': 7, 'key': 1562284800}",askcomputerscience
66,"{'doc_count': 14, 'key': 1562371200}",askcomputerscience
67,"{'doc_count': 10, 'key': 1562457600}",askcomputerscience
68,"{'doc_count': 10, 'key': 1562544000}",askcomputerscience
69,"{'doc_count': 15, 'key': 1562630400}",askcomputerscience
70,"{'doc_count': 13, 'key': 1562716800}",askcomputerscience
71,"{'doc_count': 9, 'key': 1562803200}",askcomputerscience
72,"{'doc_count': 15, 'key': 1562889600}",askcomputerscience
73,"{'doc_count': 9, 'key': 1562976000}",askcomputerscience
74,"{'doc_count': 8, 'key': 1563062400}",askcomputerscience
75,"{'doc_count': 13, 'key': 1563148800}",askcomputerscience
76,"{'doc_count': 8, 'key': 1563235200}",askcomputerscience
77,"{'doc_count': 13, 'key': 1563321600}",askcomputerscience
78,"{'doc_count': 5, 'key': 1563408000}",askcomputerscience
79,"{'doc_count': 9, 'key': 1563494400}",askcomputerscience
80,"{'doc_count': 9, 'key': 1563580800}",askcomputerscience
81,"{'doc_count': 14, 'key': 1563667200}",askcomputerscience
82,"{'doc_count': 13, 'key': 1563753600}",askcomputerscience
83,"{'doc_count': 8, 'key': 1563840000}",askcomputerscience
84,"{'doc_count': 8, 'key': 1563926400}",askcomputerscience
85,"{'doc_count': 7, 'key': 1564012800}",askcomputerscience
86,"{'doc_count': 13, 'key': 1564099200}",askcomputerscience
87,"{'doc_count': 8, 'key': 1564185600}",askcomputerscience
88,"{'doc_count': 8, 'key': 1564272000}",askcomputerscience
89,"{'doc_count': 12, 'key': 1564358400}",askcomputerscience
90,"{'doc_count': 8, 'key': 1564444800}",askcomputerscience
0,"{'doc_count': 3, 'key': 1556668800}",askculinary
1,"{'doc_count': 31, 'key': 1556755200}",askculinary
2,"{'doc_count': 32, 'key': 1556841600}",askculinary
3,"{'doc_count': 29, 'key': 1556928000}",askculinary
4,"{'doc_count': 23, 'key': 1557014400}",askculinary
5,"{'doc_count': 38, 'key': 1557100800}",askculinary
6,"{'doc_count': 38, 'key': 1557187200}",askculinary
7,"{'doc_count': 52, 'key': 1557273600}",askculinary
8,"{'doc_count': 32, 'key': 1557360000}",askculinary
9,"{'doc_count': 33, 'key': 1557446400}",askculinary
10,"{'doc_count': 38, 'key': 1557532800}",askculinary
11,"{'doc_count': 23, 'key': 1557619200}",askculinary
12,"{'doc_count': 39, 'key': 1557705600}",askculinary
13,"{'doc_count': 45, 'key': 1557792000}",askculinary
14,"{'doc_count': 14, 'key': 1557878400}",askculinary
15,"{'doc_count': 47, 'key': 1557964800}",askculinary
16,"{'doc_count': 29, 'key': 1558051200}",askculinary
17,"{'doc_count': 20, 'key': 1558137600}",askculinary
18,"{'doc_count': 30, 'key': 1558224000}",askculinary
19,"{'doc_count': 40, 'key': 1558310400}",askculinary
20,"{'doc_count': 42, 'key': 1558396800}",askculinary
21,"{'doc_count': 37, 'key': 1558483200}",askculinary
22,"{'doc_count': 29, 'key': 1558569600}",askculinary
23,"{'doc_count': 29, 'key': 1558656000}",askculinary
24,"{'doc_count': 18, 'key': 1558742400}",askculinary
25,"{'doc_count': 36, 'key': 1558828800}",askculinary
26,"{'doc_count': 26, 'key': 1558915200}",askculinary
27,"{'doc_count': 35, 'key': 1559001600}",askculinary
28,"{'doc_count': 32, 'key': 1559088000}",askculinary
29,"{'doc_count': 33, 'key': 1559174400}",askculinary
30,"{'doc_count': 32, 'key': 1559260800}",askculinary
31,"{'doc_count': 27, 'key': 1559347200}",askculinary
32,"{'doc_count': 25, 'key': 1559433600}",askculinary
33,"{'doc_count': 38, 'key': 1559520000}",askculinary
34,"{'doc_count': 48, 'key': 1559606400}",askculinary
35,"{'doc_count': 32, 'key': 1559692800}",askculinary
36,"{'doc_count': 33, 'key': 1559779200}",askculinary
37,"{'doc_count': 31, 'key': 1559865600}",askculinary
38,"{'doc_count': 37, 'key': 1559952000}",askculinary
39,"{'doc_count': 30, 'key': 1560038400}",askculinary
40,"{'doc_count': 34, 'key': 1560124800}",askculinary
41,"{'doc_count': 49, 'key': 1560211200}",askculinary
42,"{'doc_count': 35, 'key': 1560297600}",askculinary
43,"{'doc_count': 29, 'key': 1560384000}",askculinary
44,"{'doc_count': 35, 'key': 1560470400}",askculinary
45,"{'doc_count': 28, 'key': 1560556800}",askculinary
46,"{'doc_count': 30, 'key': 1560643200}",askculinary
47,"{'doc_count': 38, 'key': 1560729600}",askculinary
48,"{'doc_count': 40, 'key': 1560816000}",askculinary
49,"{'doc_count': 26, 'key': 1560902400}",askculinary
50,"{'doc_count': 39, 'key': 1560988800}",askculinary
51,"{'doc_count': 36, 'key': 1561075200}",askculinary
52,"{'doc_count': 24, 'key': 1561161600}",askculinary
53,"{'doc_count': 30, 'key': 1561248000}",askculinary
54,"{'doc_count': 33, 'key': 1561334400}",askculinary
55,"{'doc_count': 29, 'key': 1561420800}",askculinary
56,"{'doc_count': 39, 'key': 1561507200}",askculinary
57,"{'doc_count': 44, 'key': 1561593600}",askculinary
58,"{'doc_count': 27, 'key': 1561680000}",askculinary
59,"{'doc_count': 25, 'key': 1561766400}",askculinary
60,"{'doc_count': 30, 'key': 1561852800}",askculinary
61,"{'doc_count': 39, 'key': 1561939200}",askculinary
62,"{'doc_count': 30, 'key': 1562025600}",askculinary
63,"{'doc_count': 25, 'key': 1562112000}",askculinary
64,"{'doc_count': 25, 'key': 1562198400}",askculinary
65,"{'doc_count': 31, 'key': 1562284800}",askculinary
66,"{'doc_count': 24, 'key': 1562371200}",askculinary
67,"{'doc_count': 34, 'key': 1562457600}",askculinary
68,"{'doc_count': 44, 'key': 1562544000}",askculinary
69,"{'doc_count': 31, 'key': 1562630400}",askculinary
70,"{'doc_count': 30, 'key': 1562716800}",askculinary
71,"{'doc_count': 29, 'key': 1562803200}",askculinary
72,"{'doc_count': 22, 'key': 1562889600}",askculinary
73,"{'doc_count': 35, 'key': 1562976000}",askculinary
74,"{'doc_count': 35, 'key': 1563062400}",askculinary
75,"{'doc_count': 39, 'key': 1563148800}",askculinary
76,"{'doc_count': 37, 'key': 1563235200}",askculinary
77,"{'doc_count': 44, 'key': 1563321600}",askculinary
78,"{'doc_count': 28, 'key': 1563408000}",askculinary
79,"{'doc_count': 38, 'key': 1563494400}",askculinary
80,"{'doc_count': 33, 'key': 1563580800}",askculinary
81,"{'doc_count': 30, 'key': 1563667200}",askculinary
82,"{'doc_count': 43, 'key': 1563753600}",askculinary
83,"{'doc_count': 39, 'key': 1563840000}",askculinary
84,"{'doc_count': 43, 'key': 1563926400}",askculinary
85,"{'doc_count': 44, 'key': 1564012800}",askculinary
86,"{'doc_count': 58, 'key': 1564099200}",askculinary
87,"{'doc_count': 31, 'key': 1564185600}",askculinary
88,"{'doc_count': 29, 'key': 1564272000}",askculinary
89,"{'doc_count': 32, 'key': 1564358400}",askculinary
90,"{'doc_count': 28, 'key': 1564444800}",askculinary
0,"{'doc_count': 1, 'key': 1556668800}",trueaskreddit
1,"{'doc_count': 7, 'key': 1556755200}",trueaskreddit
2,"{'doc_count': 4, 'key': 1556841600}",trueaskreddit
3,"{'doc_count': 7, 'key': 1556928000}",trueaskreddit
4,"{'doc_count': 9, 'key': 1557014400}",trueaskreddit
5,"{'doc_count': 9, 'key': 1557100800}",trueaskreddit
6,"{'doc_count': 9, 'key': 1557187200}",trueaskreddit
7,"{'doc_count': 9, 'key': 1557273600}",trueaskreddit
8,"{'doc_count': 12, 'key': 1557360000}",trueaskreddit
9,"{'doc_count': 7, 'key': 1557446400}",trueaskreddit
10,"{'doc_count': 10, 'key': 1557532800}",trueaskreddit
11,"{'doc_count': 8, 'key': 1557619200}",trueaskreddit
12,"{'doc_count': 6, 'key': 1557705600}",trueaskreddit
13,"{'doc_count': 10, 'key': 1557792000}",trueaskreddit
14,"{'doc_count': 6, 'key': 1557878400}",trueaskreddit
15,"{'doc_count': 4, 'key': 1557964800}",trueaskreddit
16,"{'doc_count': 6, 'key': 1558051200}",trueaskreddit
17,"{'doc_count': 3, 'key': 1558137600}",trueaskreddit
18,"{'doc_count': 7, 'key': 1558224000}",trueaskreddit
19,"{'doc_count': 5, 'key': 1558310400}",trueaskreddit
20,"{'doc_count': 7, 'key': 1558396800}",trueaskreddit
21,"{'doc_count': 7, 'key': 1558483200}",trueaskreddit
22,"{'doc_count': 8, 'key': 1558569600}",trueaskreddit
23,"{'doc_count': 6, 'key': 1558656000}",trueaskreddit
24,"{'doc_count': 3, 'key': 1558742400}",trueaskreddit
25,"{'doc_count': 6, 'key': 1558828800}",trueaskreddit
26,"{'doc_count': 10, 'key': 1558915200}",trueaskreddit
27,"{'doc_count': 4, 'key': 1559001600}",trueaskreddit
28,"{'doc_count': 11, 'key': 1559088000}",trueaskreddit
29,"{'doc_count': 4, 'key': 1559174400}",trueaskreddit
30,"{'doc_count': 4, 'key': 1559260800}",trueaskreddit
31,"{'doc_count': 3, 'key': 1559347200}",trueaskreddit
32,"{'doc_count': 6, 'key': 1559433600}",trueaskreddit
33,"{'doc_count': 5, 'key': 1559520000}",trueaskreddit
34,"{'doc_count': 6, 'key': 1559606400}",trueaskreddit
35,"{'doc_count': 7, 'key': 1559692800}",trueaskreddit
36,"{'doc_count': 5, 'key': 1559779200}",trueaskreddit
37,"{'doc_count': 9, 'key': 1559865600}",trueaskreddit
38,"{'doc_count': 6, 'key': 1559952000}",trueaskreddit
39,"{'doc_count': 2, 'key': 1560038400}",trueaskreddit
40,"{'doc_count': 7, 'key': 1560124800}",trueaskreddit
41,"{'doc_count': 7, 'key': 1560211200}",trueaskreddit
42,"{'doc_count': 5, 'key': 1560297600}",trueaskreddit
43,"{'doc_count': 9, 'key': 1560384000}",trueaskreddit
44,"{'doc_count': 4, 'key': 1560470400}",trueaskreddit
45,"{'doc_count': 3, 'key': 1560556800}",trueaskreddit
46,"{'doc_count': 7, 'key': 1560643200}",trueaskreddit
47,"{'doc_count': 6, 'key': 1560729600}",trueaskreddit
48,"{'doc_count': 7, 'key': 1560816000}",trueaskreddit
49,"{'doc_count': 11, 'key': 1560902400}",trueaskreddit
50,"{'doc_count': 4, 'key': 1560988800}",trueaskreddit
51,"{'doc_count': 8, 'key': 1561075200}",trueaskreddit
52,"{'doc_count': 7, 'key': 1561161600}",trueaskreddit
53,"{'doc_count': 5, 'key': 1561248000}",trueaskreddit
54,"{'doc_count': 6, 'key': 1561334400}",trueaskreddit
55,"{'doc_count': 7, 'key': 1561420800}",trueaskreddit
56,"{'doc_count': 8, 'key': 1561507200}",trueaskreddit
57,"{'doc_count': 7, 'key': 1561593600}",trueaskreddit
58,"{'doc_count': 9, 'key': 1561680000}",trueaskreddit
59,"{'doc_count': 3, 'key': 1561766400}",trueaskreddit
60,"{'doc_count': 6, 'key': 1561852800}",trueaskreddit
61,"{'doc_count': 10, 'key': 1561939200}",trueaskreddit
62,"{'doc_count': 13, 'key': 1562025600}",trueaskreddit
63,"{'doc_count': 2, 'key': 1562112000}",trueaskreddit
64,"{'doc_count': 4, 'key': 1562198400}",trueaskreddit
65,"{'doc_count': 4, 'key': 1562284800}",trueaskreddit
66,"{'doc_count': 8, 'key': 1562371200}",trueaskreddit
67,"{'doc_count': 5, 'key': 1562457600}",trueaskreddit
68,"{'doc_count': 9, 'key': 1562544000}",trueaskreddit
69,"{'doc_count': 6, 'key': 1562630400}",trueaskreddit
70,"{'doc_count': 6, 'key': 1562716800}",trueaskreddit
71,"{'doc_count': 6, 'key': 1562803200}",trueaskreddit
72,"{'doc_count': 8, 'key': 1562889600}",trueaskreddit
73,"{'doc_count': 7, 'key': 1562976000}",trueaskreddit
74,"{'doc_count': 7, 'key': 1563062400}",trueaskreddit
75,"{'doc_count': 9, 'key': 1563148800}",trueaskreddit
76,"{'doc_count': 9, 'key': 1563235200}",trueaskreddit
77,"{'doc_count': 8, 'key': 1563321600}",trueaskreddit
78,"{'doc_count': 16, 'key': 1563408000}",trueaskreddit
79,"{'doc_count': 6, 'key': 1563494400}",trueaskreddit
80,"{'doc_count': 2, 'key': 1563580800}",trueaskreddit
81,"{'doc_count': 8, 'key': 1563667200}",trueaskreddit
82,"{'doc_count': 4, 'key': 1563753600}",trueaskreddit
83,"{'doc_count': 9, 'key': 1563840000}",trueaskreddit
84,"{'doc_count': 8, 'key': 1563926400}",trueaskreddit
85,"{'doc_count': 4, 'key': 1564012800}",trueaskreddit
86,"{'doc_count': 7, 'key': 1564099200}",trueaskreddit
87,"{'doc_count': 7, 'key': 1564185600}",trueaskreddit
88,"{'doc_count': 9, 'key': 1564272000}",trueaskreddit
89,"{'doc_count': 11, 'key': 1564358400}",trueaskreddit
90,"{'doc_count': 3, 'key': 1564444800}",trueaskreddit
0,"{'doc_count': 6, 'key': 1556755200}",asksocialscience
1,"{'doc_count': 2, 'key': 1556841600}",asksocialscience
2,"{'doc_count': 5, 'key': 1556928000}",asksocialscience
3,"{'doc_count': 8, 'key': 1557014400}",asksocialscience
4,"{'doc_count': 8, 'key': 1557100800}",asksocialscience
5,"{'doc_count': 10, 'key': 1557187200}",asksocialscience
6,"{'doc_count': 7, 'key': 1557273600}",asksocialscience
7,"{'doc_count': 10, 'key': 1557360000}",asksocialscience
8,"{'doc_count': 12, 'key': 1557446400}",asksocialscience
9,"{'doc_count': 8, 'key': 1557532800}",asksocialscience
10,"{'doc_count': 8, 'key': 1557619200}",asksocialscience
11,"{'doc_count': 7, 'key': 1557705600}",asksocialscience
12,"{'doc_count': 9, 'key': 1557792000}",asksocialscience
13,"{'doc_count': 6, 'key': 1557878400}",asksocialscience
14,"{'doc_count': 8, 'key': 1557964800}",asksocialscience
15,"{'doc_count': 7, 'key': 1558051200}",asksocialscience
16,"{'doc_count': 10, 'key': 1558137600}",asksocialscience
17,"{'doc_count': 4, 'key': 1558224000}",asksocialscience
18,"{'doc_count': 4, 'key': 1558310400}",asksocialscience
19,"{'doc_count': 4, 'key': 1558396800}",asksocialscience
20,"{'doc_count': 10, 'key': 1558483200}",asksocialscience
21,"{'doc_count': 10, 'key': 1558569600}",asksocialscience
22,"{'doc_count': 6, 'key': 1558656000}",asksocialscience
23,"{'doc_count': 5, 'key': 1558742400}",asksocialscience
24,"{'doc_count': 12, 'key': 1558828800}",asksocialscience
25,"{'doc_count': 4, 'key': 1558915200}",asksocialscience
26,"{'doc_count': 6, 'key': 1559001600}",asksocialscience
27,"{'doc_count': 8, 'key': 1559088000}",asksocialscience
28,"{'doc_count': 7, 'key': 1559174400}",asksocialscience
29,"{'doc_count': 13, 'key': 1559260800}",asksocialscience
30,"{'doc_count': 4, 'key': 1559347200}",asksocialscience
31,"{'doc_count': 7, 'key': 1559433600}",asksocialscience
32,"{'doc_count': 5, 'key': 1559520000}",asksocialscience
33,"{'doc_count': 10, 'key': 1559606400}",asksocialscience
34,"{'doc_count': 9, 'key': 1559692800}",asksocialscience
35,"{'doc_count': 3, 'key': 1559779200}",asksocialscience
36,"{'doc_count': 9, 'key': 1559865600}",asksocialscience
37,"{'doc_count': 7, 'key': 1559952000}",asksocialscience
38,"{'doc_count': 6, 'key': 1560038400}",asksocialscience
39,"{'doc_count': 6, 'key': 1560124800}",asksocialscience
40,"{'doc_count': 3, 'key': 1560211200}",asksocialscience
41,"{'doc_count': 6, 'key': 1560297600}",asksocialscience
42,"{'doc_count': 9, 'key': 1560384000}",asksocialscience
43,"{'doc_count': 9, 'key': 1560470400}",asksocialscience
44,"{'doc_count': 6, 'key': 1560556800}",asksocialscience
45,"{'doc_count': 4, 'key': 1560643200}",asksocialscience
46,"{'doc_count': 8, 'key': 1560729600}",asksocialscience
47,"{'doc_count': 4, 'key': 1560816000}",asksocialscience
48,"{'doc_count': 5, 'key': 1560902400}",asksocialscience
49,"{'doc_count': 3, 'key': 1560988800}",asksocialscience
50,"{'doc_count': 8, 'key': 1561075200}",asksocialscience
51,"{'doc_count': 10, 'key': 1561161600}",asksocialscience
52,"{'doc_count': 6, 'key': 1561248000}",asksocialscience
53,"{'doc_count': 3, 'key': 1561334400}",asksocialscience
54,"{'doc_count': 6, 'key': 1561420800}",asksocialscience
55,"{'doc_count': 3, 'key': 1561507200}",asksocialscience
56,"{'doc_count': 8, 'key': 1561593600}",asksocialscience
57,"{'doc_count': 4, 'key': 1561680000}",asksocialscience
58,"{'doc_count': 5, 'key': 1561766400}",asksocialscience
59,"{'doc_count': 3, 'key': 1561852800}",asksocialscience
60,"{'doc_count': 8, 'key': 1561939200}",asksocialscience
61,"{'doc_count': 5, 'key': 1562025600}",asksocialscience
62,"{'doc_count': 7, 'key': 1562112000}",asksocialscience
63,"{'doc_count': 2, 'key': 1562198400}",asksocialscience
64,"{'doc_count': 8, 'key': 1562284800}",asksocialscience
65,"{'doc_count': 5, 'key': 1562371200}",asksocialscience
66,"{'doc_count': 6, 'key': 1562457600}",asksocialscience
67,"{'doc_count': 6, 'key': 1562544000}",asksocialscience
68,"{'doc_count': 4, 'key': 1562630400}",asksocialscience
69,"{'doc_count': 8, 'key': 1562716800}",asksocialscience
70,"{'doc_count': 6, 'key': 1562803200}",asksocialscience
71,"{'doc_count': 8, 'key': 1562889600}",asksocialscience
72,"{'doc_count': 7, 'key': 1562976000}",asksocialscience
73,"{'doc_count': 4, 'key': 1563062400}",asksocialscience
74,"{'doc_count': 8, 'key': 1563148800}",asksocialscience
75,"{'doc_count': 6, 'key': 1563235200}",asksocialscience
76,"{'doc_count': 6, 'key': 1563321600}",asksocialscience
77,"{'doc_count': 4, 'key': 1563408000}",asksocialscience
78,"{'doc_count': 7, 'key': 1563494400}",asksocialscience
79,"{'doc_count': 3, 'key': 1563580800}",asksocialscience
80,"{'doc_count': 3, 'key': 1563667200}",asksocialscience
81,"{'doc_count': 9, 'key': 1563753600}",asksocialscience
82,"{'doc_count': 3, 'key': 1563840000}",asksocialscience
83,"{'doc_count': 8, 'key': 1563926400}",asksocialscience
84,"{'doc_count': 7, 'key': 1564012800}",asksocialscience
85,"{'doc_count': 5, 'key': 1564099200}",asksocialscience
86,"{'doc_count': 6, 'key': 1564185600}",asksocialscience
87,"{'doc_count': 3, 'key': 1564272000}",asksocialscience
88,"{'doc_count': 10, 'key': 1564358400}",asksocialscience
89,"{'doc_count': 6, 'key': 1564444800}",asksocialscience
0,"{'doc_count': 7, 'key': 1556668800}",askengineers
1,"{'doc_count': 46, 'key': 1556755200}",askengineers
2,"{'doc_count': 37, 'key': 1556841600}",askengineers
3,"{'doc_count': 38, 'key': 1556928000}",askengineers
4,"{'doc_count': 31, 'key': 1557014400}",askengineers
5,"{'doc_count': 38, 'key': 1557100800}",askengineers
6,"{'doc_count': 43, 'key': 1557187200}",askengineers
7,"{'doc_count': 53, 'key': 1557273600}",askengineers
8,"{'doc_count': 54, 'key': 1557360000}",askengineers
9,"{'doc_count': 50, 'key': 1557446400}",askengineers
10,"{'doc_count': 32, 'key': 1557532800}",askengineers
11,"{'doc_count': 30, 'key': 1557619200}",askengineers
12,"{'doc_count': 36, 'key': 1557705600}",askengineers
13,"{'doc_count': 37, 'key': 1557792000}",askengineers
14,"{'doc_count': 39, 'key': 1557878400}",askengineers
15,"{'doc_count': 38, 'key': 1557964800}",askengineers
16,"{'doc_count': 51, 'key': 1558051200}",askengineers
17,"{'doc_count': 24, 'key': 1558137600}",askengineers
18,"{'doc_count': 33, 'key': 1558224000}",askengineers
19,"{'doc_count': 31, 'key': 1558310400}",askengineers
20,"{'doc_count': 54, 'key': 1558396800}",askengineers
21,"{'doc_count': 68, 'key': 1558483200}",askengineers
22,"{'doc_count': 51, 'key': 1558569600}",askengineers
23,"{'doc_count': 36, 'key': 1558656000}",askengineers
24,"{'doc_count': 34, 'key': 1558742400}",askengineers
25,"{'doc_count': 31, 'key': 1558828800}",askengineers
26,"{'doc_count': 49, 'key': 1558915200}",askengineers
27,"{'doc_count': 69, 'key': 1559001600}",askengineers
28,"{'doc_count': 56, 'key': 1559088000}",askengineers
29,"{'doc_count': 45, 'key': 1559174400}",askengineers
30,"{'doc_count': 51, 'key': 1559260800}",askengineers
31,"{'doc_count': 38, 'key': 1559347200}",askengineers
32,"{'doc_count': 37, 'key': 1559433600}",askengineers
33,"{'doc_count': 52, 'key': 1559520000}",askengineers
34,"{'doc_count': 55, 'key': 1559606400}",askengineers
35,"{'doc_count': 55, 'key': 1559692800}",askengineers
36,"{'doc_count': 49, 'key': 1559779200}",askengineers
37,"{'doc_count': 32, 'key': 1559865600}",askengineers
38,"{'doc_count': 37, 'key': 1559952000}",askengineers
39,"{'doc_count': 39, 'key': 1560038400}",askengineers
40,"{'doc_count': 51, 'key': 1560124800}",askengineers
41,"{'doc_count': 50, 'key': 1560211200}",askengineers
42,"{'doc_count': 55, 'key': 1560297600}",askengineers
43,"{'doc_count': 57, 'key': 1560384000}",askengineers
44,"{'doc_count': 44, 'key': 1560470400}",askengineers
45,"{'doc_count': 34, 'key': 1560556800}",askengineers
46,"{'doc_count': 26, 'key': 1560643200}",askengineers
47,"{'doc_count': 58, 'key': 1560729600}",askengineers
48,"{'doc_count': 44, 'key': 1560816000}",askengineers
49,"{'doc_count': 61, 'key': 1560902400}",askengineers
50,"{'doc_count': 50, 'key': 1560988800}",askengineers
51,"{'doc_count': 55, 'key': 1561075200}",askengineers
52,"{'doc_count': 38, 'key': 1561161600}",askengineers
53,"{'doc_count': 47, 'key': 1561248000}",askengineers
54,"{'doc_count': 45, 'key': 1561334400}",askengineers
55,"{'doc_count': 56, 'key': 1561420800}",askengineers
56,"{'doc_count': 58, 'key': 1561507200}",askengineers
57,"{'doc_count': 48, 'key': 1561593600}",askengineers
58,"{'doc_count': 41, 'key': 1561680000}",askengineers
59,"{'doc_count': 21, 'key': 1561766400}",askengineers
60,"{'doc_count': 38, 'key': 1561852800}",askengineers
61,"{'doc_count': 50, 'key': 1561939200}",askengineers
62,"{'doc_count': 57, 'key': 1562025600}",askengineers
63,"{'doc_count': 46, 'key': 1562112000}",askengineers
64,"{'doc_count': 50, 'key': 1562198400}",askengineers
65,"{'doc_count': 48, 'key': 1562284800}",askengineers
66,"{'doc_count': 38, 'key': 1562371200}",askengineers
67,"{'doc_count': 32, 'key': 1562457600}",askengineers
68,"{'doc_count': 51, 'key': 1562544000}",askengineers
69,"{'doc_count': 53, 'key': 1562630400}",askengineers
70,"{'doc_count': 57, 'key': 1562716800}",askengineers
71,"{'doc_count': 53, 'key': 1562803200}",askengineers
72,"{'doc_count': 50, 'key': 1562889600}",askengineers
73,"{'doc_count': 37, 'key': 1562976000}",askengineers
74,"{'doc_count': 47, 'key': 1563062400}",askengineers
75,"{'doc_count': 51, 'key': 1563148800}",askengineers
76,"{'doc_count': 60, 'key': 1563235200}",askengineers
77,"{'doc_count': 54, 'key': 1563321600}",askengineers
78,"{'doc_count': 49, 'key': 1563408000}",askengineers
79,"{'doc_count': 54, 'key': 1563494400}",askengineers
80,"{'doc_count': 35, 'key': 1563580800}",askengineers
81,"{'doc_count': 37, 'key': 1563667200}",askengineers
82,"{'doc_count': 55, 'key': 1563753600}",askengineers
83,"{'doc_count': 58, 'key': 1563840000}",askengineers
84,"{'doc_count': 47, 'key': 1563926400}",askengineers
85,"{'doc_count': 46, 'key': 1564012800}",askengineers
86,"{'doc_count': 42, 'key': 1564099200}",askengineers
87,"{'doc_count': 28, 'key': 1564185600}",askengineers
88,"{'doc_count': 31, 'key': 1564272000}",askengineers
89,"{'doc_count': 46, 'key': 1564358400}",askengineers
90,"{'doc_count': 46, 'key': 1564444800}",askengineers
0,"{'doc_count': 4, 'key': 1556668800}",askphilosophy
1,"{'doc_count': 51, 'key': 1556755200}",askphilosophy
2,"{'doc_count': 54, 'key': 1556841600}",askphilosophy
3,"{'doc_count': 49, 'key': 1556928000}",askphilosophy
4,"{'doc_count': 46, 'key': 1557014400}",askphilosophy
5,"{'doc_count': 44, 'key': 1557100800}",askphilosophy
6,"{'doc_count': 46, 'key': 1557187200}",askphilosophy
7,"{'doc_count': 55, 'key': 1557273600}",askphilosophy
8,"{'doc_count': 54, 'key': 1557360000}",askphilosophy
9,"{'doc_count': 36, 'key': 1557446400}",askphilosophy
10,"{'doc_count': 43, 'key': 1557532800}",askphilosophy
11,"{'doc_count': 45, 'key': 1557619200}",askphilosophy
12,"{'doc_count': 56, 'key': 1557705600}",askphilosophy
13,"{'doc_count': 57, 'key': 1557792000}",askphilosophy
14,"{'doc_count': 41, 'key': 1557878400}",askphilosophy
15,"{'doc_count': 41, 'key': 1557964800}",askphilosophy
16,"{'doc_count': 43, 'key': 1558051200}",askphilosophy
17,"{'doc_count': 45, 'key': 1558137600}",askphilosophy
18,"{'doc_count': 55, 'key': 1558224000}",askphilosophy
19,"{'doc_count': 51, 'key': 1558310400}",askphilosophy
20,"{'doc_count': 38, 'key': 1558396800}",askphilosophy
21,"{'doc_count': 40, 'key': 1558483200}",askphilosophy
22,"{'doc_count': 52, 'key': 1558569600}",askphilosophy
23,"{'doc_count': 43, 'key': 1558656000}",askphilosophy
24,"{'doc_count': 41, 'key': 1558742400}",askphilosophy
25,"{'doc_count': 41, 'key': 1558828800}",askphilosophy
26,"{'doc_count': 42, 'key': 1558915200}",askphilosophy
27,"{'doc_count': 48, 'key': 1559001600}",askphilosophy
28,"{'doc_count': 49, 'key': 1559088000}",askphilosophy
29,"{'doc_count': 37, 'key': 1559174400}",askphilosophy
30,"{'doc_count': 44, 'key': 1559260800}",askphilosophy
31,"{'doc_count': 43, 'key': 1559347200}",askphilosophy
32,"{'doc_count': 47, 'key': 1559433600}",askphilosophy
33,"{'doc_count': 45, 'key': 1559520000}",askphilosophy
34,"{'doc_count': 53, 'key': 1559606400}",askphilosophy
35,"{'doc_count': 35, 'key': 1559692800}",askphilosophy
36,"{'doc_count': 44, 'key': 1559779200}",askphilosophy
37,"{'doc_count': 48, 'key': 1559865600}",askphilosophy
38,"{'doc_count': 36, 'key': 1559952000}",askphilosophy
39,"{'doc_count': 51, 'key': 1560038400}",askphilosophy
40,"{'doc_count': 52, 'key': 1560124800}",askphilosophy
41,"{'doc_count': 32, 'key': 1560211200}",askphilosophy
42,"{'doc_count': 51, 'key': 1560297600}",askphilosophy
43,"{'doc_count': 43, 'key': 1560384000}",askphilosophy
44,"{'doc_count': 33, 'key': 1560470400}",askphilosophy
45,"{'doc_count': 46, 'key': 1560556800}",askphilosophy
46,"{'doc_count': 37, 'key': 1560643200}",askphilosophy
47,"{'doc_count': 44, 'key': 1560729600}",askphilosophy
48,"{'doc_count': 32, 'key': 1560816000}",askphilosophy
49,"{'doc_count': 40, 'key': 1560902400}",askphilosophy
50,"{'doc_count': 48, 'key': 1560988800}",askphilosophy
51,"{'doc_count': 38, 'key': 1561075200}",askphilosophy
52,"{'doc_count': 40, 'key': 1561161600}",askphilosophy
53,"{'doc_count': 45, 'key': 1561248000}",askphilosophy
54,"{'doc_count': 48, 'key': 1561334400}",askphilosophy
55,"{'doc_count': 36, 'key': 1561420800}",askphilosophy
56,"{'doc_count': 34, 'key': 1561507200}",askphilosophy
57,"{'doc_count': 32, 'key': 1561593600}",askphilosophy
58,"{'doc_count': 35, 'key': 1561680000}",askphilosophy
59,"{'doc_count': 48, 'key': 1561766400}",askphilosophy
60,"{'doc_count': 37, 'key': 1561852800}",askphilosophy
61,"{'doc_count': 55, 'key': 1561939200}",askphilosophy
62,"{'doc_count': 36, 'key': 1562025600}",askphilosophy
63,"{'doc_count': 48, 'key': 1562112000}",askphilosophy
64,"{'doc_count': 34, 'key': 1562198400}",askphilosophy
65,"{'doc_count': 35, 'key': 1562284800}",askphilosophy
66,"{'doc_count': 37, 'key': 1562371200}",askphilosophy
67,"{'doc_count': 44, 'key': 1562457600}",askphilosophy
68,"{'doc_count': 48, 'key': 1562544000}",askphilosophy
69,"{'doc_count': 44, 'key': 1562630400}",askphilosophy
70,"{'doc_count': 45, 'key': 1562716800}",askphilosophy
71,"{'doc_count': 44, 'key': 1562803200}",askphilosophy
72,"{'doc_count': 44, 'key': 1562889600}",askphilosophy
73,"{'doc_count': 39, 'key': 1562976000}",askphilosophy
74,"{'doc_count': 28, 'key': 1563062400}",askphilosophy
75,"{'doc_count': 50, 'key': 1563148800}",askphilosophy
76,"{'doc_count': 35, 'key': 1563235200}",askphilosophy
77,"{'doc_count': 53, 'key': 1563321600}",askphilosophy
78,"{'doc_count': 43, 'key': 1563408000}",askphilosophy
79,"{'doc_count': 42, 'key': 1563494400}",askphilosophy
80,"{'doc_count': 41, 'key': 1563580800}",askphilosophy
81,"{'doc_count': 43, 'key': 1563667200}",askphilosophy
82,"{'doc_count': 39, 'key': 1563753600}",askphilosophy
83,"{'doc_count': 40, 'key': 1563840000}",askphilosophy
84,"{'doc_count': 39, 'key': 1563926400}",askphilosophy
85,"{'doc_count': 49, 'key': 1564012800}",askphilosophy
86,"{'doc_count': 39, 'key': 1564099200}",askphilosophy
87,"{'doc_count': 40, 'key': 1564185600}",askphilosophy
88,"{'doc_count': 44, 'key': 1564272000}",askphilosophy
89,"{'doc_count': 54, 'key': 1564358400}",askphilosophy
90,"{'doc_count': 55, 'key': 1564444800}",askphilosophy
