,date,posts_count,subreddit
0,2019-05-01,1892.0,askreddit
1,2019-05-02,15817.0,askreddit
2,2019-05-03,14822.0,askreddit
3,2019-05-04,14023.0,askreddit
4,2019-05-05,15248.0,askreddit
5,2019-05-06,15681.0,askreddit
6,2019-05-07,15553.0,askreddit
7,2019-05-08,15129.0,askreddit
8,2019-05-09,14605.0,askreddit
9,2019-05-10,13964.0,askreddit
10,2019-05-11,13035.0,askreddit
11,2019-05-12,14432.0,askreddit
12,2019-05-13,13811.0,askreddit
13,2019-05-14,14944.0,askreddit
14,2019-05-15,15116.0,askreddit
15,2019-05-16,14894.0,askreddit
16,2019-05-17,14514.0,askreddit
17,2019-05-18,11344.0,askreddit
18,2019-05-19,13171.0,askreddit
19,2019-05-20,12875.0,askreddit
20,2019-05-21,13694.0,askreddit
21,2019-05-22,14130.0,askreddit
22,2019-05-23,13114.0,askreddit
23,2019-05-24,12890.0,askreddit
24,2019-05-25,11880.0,askreddit
25,2019-05-26,12216.0,askreddit
26,2019-05-27,13558.0,askreddit
27,2019-05-28,14532.0,askreddit
28,2019-05-29,14492.0,askreddit
29,2019-05-30,15055.0,askreddit
30,2019-05-31,14619.0,askreddit
31,2019-06-01,13360.0,askreddit
32,2019-06-02,14436.0,askreddit
33,2019-06-03,15044.0,askreddit
34,2019-06-04,15771.0,askreddit
35,2019-06-05,15645.0,askreddit
36,2019-06-06,14625.0,askreddit
37,2019-06-07,13601.0,askreddit
38,2019-06-08,12859.0,askreddit
39,2019-06-09,13337.0,askreddit
40,2019-06-10,13873.0,askreddit
41,2019-06-11,14100.0,askreddit
42,2019-06-12,15382.0,askreddit
43,2019-06-13,14726.0,askreddit
44,2019-06-14,14550.0,askreddit
45,2019-06-15,13499.0,askreddit
46,2019-06-16,14885.0,askreddit
47,2019-06-17,14192.0,askreddit
48,2019-06-18,14454.0,askreddit
49,2019-06-19,15431.0,askreddit
50,2019-06-20,15317.0,askreddit
51,2019-06-21,14340.0,askreddit
52,2019-06-22,13305.0,askreddit
53,2019-06-23,14401.0,askreddit
54,2019-06-24,15693.0,askreddit
55,2019-06-25,14862.0,askreddit
56,2019-06-26,14925.0,askreddit
57,2019-06-27,15004.0,askreddit
58,2019-06-28,14377.0,askreddit
59,2019-06-29,13120.0,askreddit
60,2019-06-30,13111.0,askreddit
61,2019-07-01,13818.0,askreddit
62,2019-07-02,13825.0,askreddit
63,2019-07-03,13206.0,askreddit
64,2019-07-04,13578.0,askreddit
65,2019-07-05,13049.0,askreddit
66,2019-07-06,13244.0,askreddit
67,2019-07-07,13207.0,askreddit
68,2019-07-08,14035.0,askreddit
69,2019-07-09,15058.0,askreddit
70,2019-07-10,15186.0,askreddit
71,2019-07-11,15186.0,askreddit
72,2019-07-12,15720.0,askreddit
73,2019-07-13,15215.0,askreddit
74,2019-07-14,15208.0,askreddit
75,2019-07-15,14961.0,askreddit
76,2019-07-16,16759.0,askreddit
77,2019-07-17,16251.0,askreddit
78,2019-07-18,16361.0,askreddit
79,2019-07-19,15427.0,askreddit
80,2019-07-20,14684.0,askreddit
81,2019-07-21,14697.0,askreddit
82,2019-07-22,16387.0,askreddit
83,2019-07-23,16823.0,askreddit
84,2019-07-24,16492.0,askreddit
85,2019-07-25,16840.0,askreddit
86,2019-07-26,17633.0,askreddit
87,2019-07-27,17116.0,askreddit
88,2019-07-28,16596.0,askreddit
89,2019-07-29,16467.0,askreddit
90,2019-07-30,16117.0,askreddit
91,2019-05-01,35.0,askscience
92,2019-05-02,457.0,askscience
93,2019-05-03,444.0,askscience
94,2019-05-04,368.0,askscience
95,2019-05-05,402.0,askscience
96,2019-05-06,370.0,askscience
97,2019-05-07,400.0,askscience
98,2019-05-08,470.0,askscience
99,2019-05-09,393.0,askscience
100,2019-05-10,362.0,askscience
101,2019-05-11,395.0,askscience
102,2019-05-12,395.0,askscience
103,2019-05-13,366.0,askscience
104,2019-05-14,398.0,askscience
105,2019-05-15,369.0,askscience
106,2019-05-16,375.0,askscience
107,2019-05-17,406.0,askscience
108,2019-05-18,330.0,askscience
109,2019-05-19,353.0,askscience
110,2019-05-20,326.0,askscience
111,2019-05-21,339.0,askscience
112,2019-05-22,380.0,askscience
113,2019-05-23,355.0,askscience
114,2019-05-24,329.0,askscience
115,2019-05-25,288.0,askscience
116,2019-05-26,338.0,askscience
117,2019-05-27,330.0,askscience
118,2019-05-28,352.0,askscience
119,2019-05-29,369.0,askscience
120,2019-05-30,341.0,askscience
121,2019-05-31,376.0,askscience
122,2019-06-01,362.0,askscience
123,2019-06-02,359.0,askscience
124,2019-06-03,402.0,askscience
125,2019-06-04,327.0,askscience
126,2019-06-05,373.0,askscience
127,2019-06-06,350.0,askscience
128,2019-06-07,342.0,askscience
129,2019-06-08,326.0,askscience
130,2019-06-09,345.0,askscience
131,2019-06-10,308.0,askscience
132,2019-06-11,344.0,askscience
133,2019-06-12,355.0,askscience
134,2019-06-13,353.0,askscience
135,2019-06-14,304.0,askscience
136,2019-06-15,348.0,askscience
137,2019-06-16,417.0,askscience
138,2019-06-17,380.0,askscience
139,2019-06-18,401.0,askscience
140,2019-06-19,337.0,askscience
141,2019-06-20,339.0,askscience
142,2019-06-21,343.0,askscience
143,2019-06-22,309.0,askscience
144,2019-06-23,353.0,askscience
145,2019-06-24,349.0,askscience
146,2019-06-25,368.0,askscience
147,2019-06-26,383.0,askscience
148,2019-06-27,372.0,askscience
149,2019-06-28,332.0,askscience
150,2019-06-29,325.0,askscience
151,2019-06-30,332.0,askscience
152,2019-07-01,328.0,askscience
153,2019-07-02,335.0,askscience
154,2019-07-03,328.0,askscience
155,2019-07-04,301.0,askscience
156,2019-07-05,320.0,askscience
157,2019-07-06,326.0,askscience
158,2019-07-07,338.0,askscience
159,2019-07-08,399.0,askscience
160,2019-07-09,416.0,askscience
161,2019-07-10,412.0,askscience
162,2019-07-11,367.0,askscience
163,2019-07-12,326.0,askscience
164,2019-07-13,312.0,askscience
165,2019-07-14,323.0,askscience
166,2019-07-15,371.0,askscience
167,2019-07-16,365.0,askscience
168,2019-07-17,351.0,askscience
169,2019-07-18,376.0,askscience
170,2019-07-19,380.0,askscience
171,2019-07-20,343.0,askscience
172,2019-07-21,353.0,askscience
173,2019-07-22,354.0,askscience
174,2019-07-23,382.0,askscience
175,2019-07-24,379.0,askscience
176,2019-07-25,339.0,askscience
177,2019-07-26,329.0,askscience
178,2019-07-27,312.0,askscience
179,2019-07-28,284.0,askscience
180,2019-07-29,323.0,askscience
181,2019-07-30,286.0,askscience
182,2019-05-01,18.0,askhistorians
183,2019-05-02,166.0,askhistorians
184,2019-05-03,169.0,askhistorians
185,2019-05-04,148.0,askhistorians
186,2019-05-05,167.0,askhistorians
187,2019-05-06,168.0,askhistorians
188,2019-05-07,186.0,askhistorians
189,2019-05-08,184.0,askhistorians
190,2019-05-09,176.0,askhistorians
191,2019-05-10,158.0,askhistorians
192,2019-05-11,147.0,askhistorians
193,2019-05-12,171.0,askhistorians
194,2019-05-13,165.0,askhistorians
195,2019-05-14,155.0,askhistorians
196,2019-05-15,163.0,askhistorians
197,2019-05-16,195.0,askhistorians
198,2019-05-17,143.0,askhistorians
199,2019-05-18,145.0,askhistorians
200,2019-05-19,150.0,askhistorians
201,2019-05-20,162.0,askhistorians
202,2019-05-21,143.0,askhistorians
203,2019-05-22,164.0,askhistorians
204,2019-05-23,171.0,askhistorians
205,2019-05-24,153.0,askhistorians
206,2019-05-25,145.0,askhistorians
207,2019-05-26,146.0,askhistorians
208,2019-05-27,174.0,askhistorians
209,2019-05-28,169.0,askhistorians
210,2019-05-29,170.0,askhistorians
211,2019-05-30,189.0,askhistorians
212,2019-05-31,157.0,askhistorians
213,2019-06-01,161.0,askhistorians
214,2019-06-02,154.0,askhistorians
215,2019-06-03,181.0,askhistorians
216,2019-06-04,151.0,askhistorians
217,2019-06-05,153.0,askhistorians
218,2019-06-06,192.0,askhistorians
219,2019-06-07,165.0,askhistorians
220,2019-06-08,164.0,askhistorians
221,2019-06-09,165.0,askhistorians
222,2019-06-10,174.0,askhistorians
223,2019-06-11,165.0,askhistorians
224,2019-06-12,137.0,askhistorians
225,2019-06-13,166.0,askhistorians
226,2019-06-14,138.0,askhistorians
227,2019-06-15,145.0,askhistorians
228,2019-06-16,168.0,askhistorians
229,2019-06-17,174.0,askhistorians
230,2019-06-18,138.0,askhistorians
231,2019-06-19,191.0,askhistorians
232,2019-06-20,185.0,askhistorians
233,2019-06-21,175.0,askhistorians
234,2019-06-22,151.0,askhistorians
235,2019-06-23,160.0,askhistorians
236,2019-06-24,172.0,askhistorians
237,2019-06-25,141.0,askhistorians
238,2019-06-26,143.0,askhistorians
239,2019-06-27,162.0,askhistorians
240,2019-06-28,133.0,askhistorians
241,2019-06-29,128.0,askhistorians
242,2019-06-30,156.0,askhistorians
243,2019-07-01,177.0,askhistorians
244,2019-07-02,158.0,askhistorians
245,2019-07-03,177.0,askhistorians
246,2019-07-04,144.0,askhistorians
247,2019-07-05,151.0,askhistorians
248,2019-07-06,133.0,askhistorians
249,2019-07-07,247.0,askhistorians
250,2019-07-08,201.0,askhistorians
251,2019-07-09,187.0,askhistorians
252,2019-07-10,181.0,askhistorians
253,2019-07-11,191.0,askhistorians
254,2019-07-12,151.0,askhistorians
255,2019-07-13,155.0,askhistorians
256,2019-07-14,157.0,askhistorians
257,2019-07-15,170.0,askhistorians
258,2019-07-16,158.0,askhistorians
259,2019-07-17,179.0,askhistorians
260,2019-07-18,187.0,askhistorians
261,2019-07-19,167.0,askhistorians
262,2019-07-20,148.0,askhistorians
263,2019-07-21,179.0,askhistorians
264,2019-07-22,190.0,askhistorians
265,2019-07-23,167.0,askhistorians
266,2019-07-24,167.0,askhistorians
267,2019-07-25,194.0,askhistorians
268,2019-07-26,178.0,askhistorians
269,2019-07-27,159.0,askhistorians
270,2019-07-28,153.0,askhistorians
271,2019-07-29,155.0,askhistorians
272,2019-07-30,153.0,askhistorians
273,2019-05-01,1.0,askcomputerscience
274,2019-05-02,7.0,askcomputerscience
275,2019-05-03,17.0,askcomputerscience
276,2019-05-04,13.0,askcomputerscience
277,2019-05-05,11.0,askcomputerscience
278,2019-05-06,12.0,askcomputerscience
279,2019-05-07,13.0,askcomputerscience
280,2019-05-08,14.0,askcomputerscience
281,2019-05-09,15.0,askcomputerscience
282,2019-05-10,12.0,askcomputerscience
283,2019-05-11,7.0,askcomputerscience
284,2019-05-12,7.0,askcomputerscience
285,2019-05-13,11.0,askcomputerscience
286,2019-05-14,9.0,askcomputerscience
287,2019-05-15,18.0,askcomputerscience
288,2019-05-16,13.0,askcomputerscience
289,2019-05-17,14.0,askcomputerscience
290,2019-05-18,6.0,askcomputerscience
291,2019-05-19,13.0,askcomputerscience
292,2019-05-20,15.0,askcomputerscience
293,2019-05-21,10.0,askcomputerscience
294,2019-05-22,7.0,askcomputerscience
295,2019-05-23,9.0,askcomputerscience
296,2019-05-24,12.0,askcomputerscience
297,2019-05-25,10.0,askcomputerscience
298,2019-05-26,12.0,askcomputerscience
299,2019-05-27,12.0,askcomputerscience
300,2019-05-28,9.0,askcomputerscience
301,2019-05-29,15.0,askcomputerscience
302,2019-05-30,17.0,askcomputerscience
303,2019-05-31,9.0,askcomputerscience
304,2019-06-01,9.0,askcomputerscience
305,2019-06-02,11.0,askcomputerscience
306,2019-06-03,14.0,askcomputerscience
307,2019-06-04,16.0,askcomputerscience
308,2019-06-05,18.0,askcomputerscience
309,2019-06-06,6.0,askcomputerscience
310,2019-06-07,14.0,askcomputerscience
311,2019-06-08,10.0,askcomputerscience
312,2019-06-09,7.0,askcomputerscience
313,2019-06-10,13.0,askcomputerscience
314,2019-06-11,7.0,askcomputerscience
315,2019-06-12,16.0,askcomputerscience
316,2019-06-13,13.0,askcomputerscience
317,2019-06-14,9.0,askcomputerscience
318,2019-06-15,9.0,askcomputerscience
319,2019-06-16,7.0,askcomputerscience
320,2019-06-17,13.0,askcomputerscience
321,2019-06-18,17.0,askcomputerscience
322,2019-06-19,9.0,askcomputerscience
323,2019-06-20,10.0,askcomputerscience
324,2019-06-21,9.0,askcomputerscience
325,2019-06-22,9.0,askcomputerscience
326,2019-06-23,7.0,askcomputerscience
327,2019-06-24,7.0,askcomputerscience
328,2019-06-25,14.0,askcomputerscience
329,2019-06-26,10.0,askcomputerscience
330,2019-06-27,8.0,askcomputerscience
331,2019-06-28,10.0,askcomputerscience
332,2019-06-29,11.0,askcomputerscience
333,2019-06-30,9.0,askcomputerscience
334,2019-07-01,5.0,askcomputerscience
335,2019-07-02,10.0,askcomputerscience
336,2019-07-03,9.0,askcomputerscience
337,2019-07-04,11.0,askcomputerscience
338,2019-07-05,7.0,askcomputerscience
339,2019-07-06,14.0,askcomputerscience
340,2019-07-07,10.0,askcomputerscience
341,2019-07-08,10.0,askcomputerscience
342,2019-07-09,15.0,askcomputerscience
343,2019-07-10,13.0,askcomputerscience
344,2019-07-11,9.0,askcomputerscience
345,2019-07-12,15.0,askcomputerscience
346,2019-07-13,9.0,askcomputerscience
347,2019-07-14,8.0,askcomputerscience
348,2019-07-15,13.0,askcomputerscience
349,2019-07-16,8.0,askcomputerscience
350,2019-07-17,13.0,askcomputerscience
351,2019-07-18,5.0,askcomputerscience
352,2019-07-19,9.0,askcomputerscience
353,2019-07-20,9.0,askcomputerscience
354,2019-07-21,14.0,askcomputerscience
355,2019-07-22,13.0,askcomputerscience
356,2019-07-23,8.0,askcomputerscience
357,2019-07-24,8.0,askcomputerscience
358,2019-07-25,7.0,askcomputerscience
359,2019-07-26,13.0,askcomputerscience
360,2019-07-27,8.0,askcomputerscience
361,2019-07-28,8.0,askcomputerscience
362,2019-07-29,12.0,askcomputerscience
363,2019-07-30,8.0,askcomputerscience
364,2019-05-01,3.0,askculinary
365,2019-05-02,31.0,askculinary
366,2019-05-03,32.0,askculinary
367,2019-05-04,29.0,askculinary
368,2019-05-05,23.0,askculinary
369,2019-05-06,38.0,askculinary
370,2019-05-07,38.0,askculinary
371,2019-05-08,52.0,askculinary
372,2019-05-09,32.0,askculinary
373,2019-05-10,33.0,askculinary
374,2019-05-11,38.0,askculinary
375,2019-05-12,23.0,askculinary
376,2019-05-13,39.0,askculinary
377,2019-05-14,45.0,askculinary
378,2019-05-15,14.0,askculinary
379,2019-05-16,47.0,askculinary
380,2019-05-17,29.0,askculinary
381,2019-05-18,20.0,askculinary
382,2019-05-19,30.0,askculinary
383,2019-05-20,40.0,askculinary
384,2019-05-21,42.0,askculinary
385,2019-05-22,37.0,askculinary
386,2019-05-23,29.0,askculinary
387,2019-05-24,29.0,askculinary
388,2019-05-25,18.0,askculinary
389,2019-05-26,36.0,askculinary
390,2019-05-27,26.0,askculinary
391,2019-05-28,35.0,askculinary
392,2019-05-29,32.0,askculinary
393,2019-05-30,33.0,askculinary
394,2019-05-31,32.0,askculinary
395,2019-06-01,27.0,askculinary
396,2019-06-02,25.0,askculinary
397,2019-06-03,38.0,askculinary
398,2019-06-04,48.0,askculinary
399,2019-06-05,32.0,askculinary
400,2019-06-06,33.0,askculinary
401,2019-06-07,31.0,askculinary
402,2019-06-08,37.0,askculinary
403,2019-06-09,30.0,askculinary
404,2019-06-10,34.0,askculinary
405,2019-06-11,49.0,askculinary
406,2019-06-12,35.0,askculinary
407,2019-06-13,29.0,askculinary
408,2019-06-14,35.0,askculinary
409,2019-06-15,28.0,askculinary
410,2019-06-16,30.0,askculinary
411,2019-06-17,38.0,askculinary
412,2019-06-18,40.0,askculinary
413,2019-06-19,26.0,askculinary
414,2019-06-20,39.0,askculinary
415,2019-06-21,36.0,askculinary
416,2019-06-22,24.0,askculinary
417,2019-06-23,30.0,askculinary
418,2019-06-24,33.0,askculinary
419,2019-06-25,29.0,askculinary
420,2019-06-26,39.0,askculinary
421,2019-06-27,44.0,askculinary
422,2019-06-28,27.0,askculinary
423,2019-06-29,25.0,askculinary
424,2019-06-30,30.0,askculinary
425,2019-07-01,39.0,askculinary
426,2019-07-02,30.0,askculinary
427,2019-07-03,25.0,askculinary
428,2019-07-04,25.0,askculinary
429,2019-07-05,31.0,askculinary
430,2019-07-06,24.0,askculinary
431,2019-07-07,34.0,askculinary
432,2019-07-08,44.0,askculinary
433,2019-07-09,31.0,askculinary
434,2019-07-10,30.0,askculinary
435,2019-07-11,29.0,askculinary
436,2019-07-12,22.0,askculinary
437,2019-07-13,35.0,askculinary
438,2019-07-14,35.0,askculinary
439,2019-07-15,39.0,askculinary
440,2019-07-16,37.0,askculinary
441,2019-07-17,44.0,askculinary
442,2019-07-18,28.0,askculinary
443,2019-07-19,38.0,askculinary
444,2019-07-20,33.0,askculinary
445,2019-07-21,30.0,askculinary
446,2019-07-22,43.0,askculinary
447,2019-07-23,39.0,askculinary
448,2019-07-24,43.0,askculinary
449,2019-07-25,44.0,askculinary
450,2019-07-26,58.0,askculinary
451,2019-07-27,31.0,askculinary
452,2019-07-28,29.0,askculinary
453,2019-07-29,32.0,askculinary
454,2019-07-30,28.0,askculinary
455,2019-05-01,1.0,trueaskreddit
456,2019-05-02,7.0,trueaskreddit
457,2019-05-03,4.0,trueaskreddit
458,2019-05-04,7.0,trueaskreddit
459,2019-05-05,9.0,trueaskreddit
460,2019-05-06,9.0,trueaskreddit
461,2019-05-07,9.0,trueaskreddit
462,2019-05-08,9.0,trueaskreddit
463,2019-05-09,12.0,trueaskreddit
464,2019-05-10,7.0,trueaskreddit
465,2019-05-11,10.0,trueaskreddit
466,2019-05-12,8.0,trueaskreddit
467,2019-05-13,6.0,trueaskreddit
468,2019-05-14,10.0,trueaskreddit
469,2019-05-15,6.0,trueaskreddit
470,2019-05-16,4.0,trueaskreddit
471,2019-05-17,6.0,trueaskreddit
472,2019-05-18,3.0,trueaskreddit
473,2019-05-19,7.0,trueaskreddit
474,2019-05-20,5.0,trueaskreddit
475,2019-05-21,7.0,trueaskreddit
476,2019-05-22,7.0,trueaskreddit
477,2019-05-23,8.0,trueaskreddit
478,2019-05-24,6.0,trueaskreddit
479,2019-05-25,3.0,trueaskreddit
480,2019-05-26,6.0,trueaskreddit
481,2019-05-27,10.0,trueaskreddit
482,2019-05-28,4.0,trueaskreddit
483,2019-05-29,11.0,trueaskreddit
484,2019-05-30,4.0,trueaskreddit
485,2019-05-31,4.0,trueaskreddit
486,2019-06-01,3.0,trueaskreddit
487,2019-06-02,6.0,trueaskreddit
488,2019-06-03,5.0,trueaskreddit
489,2019-06-04,6.0,trueaskreddit
490,2019-06-05,7.0,trueaskreddit
491,2019-06-06,5.0,trueaskreddit
492,2019-06-07,9.0,trueaskreddit
493,2019-06-08,6.0,trueaskreddit
494,2019-06-09,2.0,trueaskreddit
495,2019-06-10,7.0,trueaskreddit
496,2019-06-11,7.0,trueaskreddit
497,2019-06-12,5.0,trueaskreddit
498,2019-06-13,9.0,trueaskreddit
499,2019-06-14,4.0,trueaskreddit
500,2019-06-15,3.0,trueaskreddit
501,2019-06-16,7.0,trueaskreddit
502,2019-06-17,6.0,trueaskreddit
503,2019-06-18,7.0,trueaskreddit
504,2019-06-19,11.0,trueaskreddit
505,2019-06-20,4.0,trueaskreddit
506,2019-06-21,8.0,trueaskreddit
507,2019-06-22,7.0,trueaskreddit
508,2019-06-23,5.0,trueaskreddit
509,2019-06-24,6.0,trueaskreddit
510,2019-06-25,7.0,trueaskreddit
511,2019-06-26,8.0,trueaskreddit
512,2019-06-27,7.0,trueaskreddit
513,2019-06-28,9.0,trueaskreddit
514,2019-06-29,3.0,trueaskreddit
515,2019-06-30,6.0,trueaskreddit
516,2019-07-01,10.0,trueaskreddit
517,2019-07-02,13.0,trueaskreddit
518,2019-07-03,2.0,trueaskreddit
519,2019-07-04,4.0,trueaskreddit
520,2019-07-05,4.0,trueaskreddit
521,2019-07-06,8.0,trueaskreddit
522,2019-07-07,5.0,trueaskreddit
523,2019-07-08,9.0,trueaskreddit
524,2019-07-09,6.0,trueaskreddit
525,2019-07-10,6.0,trueaskreddit
526,2019-07-11,6.0,trueaskreddit
527,2019-07-12,8.0,trueaskreddit
528,2019-07-13,7.0,trueaskreddit
529,2019-07-14,7.0,trueaskreddit
530,2019-07-15,9.0,trueaskreddit
531,2019-07-16,9.0,trueaskreddit
532,2019-07-17,8.0,trueaskreddit
533,2019-07-18,16.0,trueaskreddit
534,2019-07-19,6.0,trueaskreddit
535,2019-07-20,2.0,trueaskreddit
536,2019-07-21,8.0,trueaskreddit
537,2019-07-22,4.0,trueaskreddit
538,2019-07-23,9.0,trueaskreddit
539,2019-07-24,8.0,trueaskreddit
540,2019-07-25,4.0,trueaskreddit
541,2019-07-26,7.0,trueaskreddit
542,2019-07-27,7.0,trueaskreddit
543,2019-07-28,9.0,trueaskreddit
544,2019-07-29,11.0,trueaskreddit
545,2019-07-30,3.0,trueaskreddit
546,2019-05-02,6.0,asksocialscience
547,2019-05-03,2.0,asksocialscience
548,2019-05-04,5.0,asksocialscience
549,2019-05-05,8.0,asksocialscience
550,2019-05-06,8.0,asksocialscience
551,2019-05-07,10.0,asksocialscience
552,2019-05-08,7.0,asksocialscience
553,2019-05-09,10.0,asksocialscience
554,2019-05-10,12.0,asksocialscience
555,2019-05-11,8.0,asksocialscience
556,2019-05-12,8.0,asksocialscience
557,2019-05-13,7.0,asksocialscience
558,2019-05-14,9.0,asksocialscience
559,2019-05-15,6.0,asksocialscience
560,2019-05-16,8.0,asksocialscience
561,2019-05-17,7.0,asksocialscience
562,2019-05-18,10.0,asksocialscience
563,2019-05-19,4.0,asksocialscience
564,2019-05-20,4.0,asksocialscience
565,2019-05-21,4.0,asksocialscience
566,2019-05-22,10.0,asksocialscience
567,2019-05-23,10.0,asksocialscience
568,2019-05-24,6.0,asksocialscience
569,2019-05-25,5.0,asksocialscience
570,2019-05-26,12.0,asksocialscience
571,2019-05-27,4.0,asksocialscience
572,2019-05-28,6.0,asksocialscience
573,2019-05-29,8.0,asksocialscience
574,2019-05-30,7.0,asksocialscience
575,2019-05-31,13.0,asksocialscience
576,2019-06-01,4.0,asksocialscience
577,2019-06-02,7.0,asksocialscience
578,2019-06-03,5.0,asksocialscience
579,2019-06-04,10.0,asksocialscience
580,2019-06-05,9.0,asksocialscience
581,2019-06-06,3.0,asksocialscience
582,2019-06-07,9.0,asksocialscience
583,2019-06-08,7.0,asksocialscience
584,2019-06-09,6.0,asksocialscience
585,2019-06-10,6.0,asksocialscience
586,2019-06-11,3.0,asksocialscience
587,2019-06-12,6.0,asksocialscience
588,2019-06-13,9.0,asksocialscience
589,2019-06-14,9.0,asksocialscience
590,2019-06-15,6.0,asksocialscience
591,2019-06-16,4.0,asksocialscience
592,2019-06-17,8.0,asksocialscience
593,2019-06-18,4.0,asksocialscience
594,2019-06-19,5.0,asksocialscience
595,2019-06-20,3.0,asksocialscience
596,2019-06-21,8.0,asksocialscience
597,2019-06-22,10.0,asksocialscience
598,2019-06-23,6.0,asksocialscience
599,2019-06-24,3.0,asksocialscience
600,2019-06-25,6.0,asksocialscience
601,2019-06-26,3.0,asksocialscience
602,2019-06-27,8.0,asksocialscience
603,2019-06-28,4.0,asksocialscience
604,2019-06-29,5.0,asksocialscience
605,2019-06-30,3.0,asksocialscience
606,2019-07-01,8.0,asksocialscience
607,2019-07-02,5.0,asksocialscience
608,2019-07-03,7.0,asksocialscience
609,2019-07-04,2.0,asksocialscience
610,2019-07-05,8.0,asksocialscience
611,2019-07-06,5.0,asksocialscience
612,2019-07-07,6.0,asksocialscience
613,2019-07-08,6.0,asksocialscience
614,2019-07-09,4.0,asksocialscience
615,2019-07-10,8.0,asksocialscience
616,2019-07-11,6.0,asksocialscience
617,2019-07-12,8.0,asksocialscience
618,2019-07-13,7.0,asksocialscience
619,2019-07-14,4.0,asksocialscience
620,2019-07-15,8.0,asksocialscience
621,2019-07-16,6.0,asksocialscience
622,2019-07-17,6.0,asksocialscience
623,2019-07-18,4.0,asksocialscience
624,2019-07-19,7.0,asksocialscience
625,2019-07-20,3.0,asksocialscience
626,2019-07-21,3.0,asksocialscience
627,2019-07-22,9.0,asksocialscience
628,2019-07-23,3.0,asksocialscience
629,2019-07-24,8.0,asksocialscience
630,2019-07-25,7.0,asksocialscience
631,2019-07-26,5.0,asksocialscience
632,2019-07-27,6.0,asksocialscience
633,2019-07-28,3.0,asksocialscience
634,2019-07-29,10.0,asksocialscience
635,2019-07-30,6.0,asksocialscience
636,2019-05-01,7.0,askengineers
637,2019-05-02,46.0,askengineers
638,2019-05-03,37.0,askengineers
639,2019-05-04,38.0,askengineers
640,2019-05-05,31.0,askengineers
641,2019-05-06,38.0,askengineers
642,2019-05-07,43.0,askengineers
643,2019-05-08,53.0,askengineers
644,2019-05-09,54.0,askengineers
645,2019-05-10,50.0,askengineers
646,2019-05-11,32.0,askengineers
647,2019-05-12,30.0,askengineers
648,2019-05-13,36.0,askengineers
649,2019-05-14,37.0,askengineers
650,2019-05-15,39.0,askengineers
651,2019-05-16,38.0,askengineers
652,2019-05-17,51.0,askengineers
653,2019-05-18,24.0,askengineers
654,2019-05-19,33.0,askengineers
655,2019-05-20,31.0,askengineers
656,2019-05-21,54.0,askengineers
657,2019-05-22,68.0,askengineers
658,2019-05-23,51.0,askengineers
659,2019-05-24,36.0,askengineers
660,2019-05-25,34.0,askengineers
661,2019-05-26,31.0,askengineers
662,2019-05-27,49.0,askengineers
663,2019-05-28,69.0,askengineers
664,2019-05-29,56.0,askengineers
665,2019-05-30,45.0,askengineers
666,2019-05-31,51.0,askengineers
667,2019-06-01,38.0,askengineers
668,2019-06-02,37.0,askengineers
669,2019-06-03,52.0,askengineers
670,2019-06-04,55.0,askengineers
671,2019-06-05,55.0,askengineers
672,2019-06-06,49.0,askengineers
673,2019-06-07,32.0,askengineers
674,2019-06-08,37.0,askengineers
675,2019-06-09,39.0,askengineers
676,2019-06-10,51.0,askengineers
677,2019-06-11,50.0,askengineers
678,2019-06-12,55.0,askengineers
679,2019-06-13,57.0,askengineers
680,2019-06-14,44.0,askengineers
681,2019-06-15,34.0,askengineers
682,2019-06-16,26.0,askengineers
683,2019-06-17,58.0,askengineers
684,2019-06-18,44.0,askengineers
685,2019-06-19,61.0,askengineers
686,2019-06-20,50.0,askengineers
687,2019-06-21,55.0,askengineers
688,2019-06-22,38.0,askengineers
689,2019-06-23,47.0,askengineers
690,2019-06-24,45.0,askengineers
691,2019-06-25,56.0,askengineers
692,2019-06-26,58.0,askengineers
693,2019-06-27,48.0,askengineers
694,2019-06-28,41.0,askengineers
695,2019-06-29,21.0,askengineers
696,2019-06-30,38.0,askengineers
697,2019-07-01,50.0,askengineers
698,2019-07-02,57.0,askengineers
699,2019-07-03,46.0,askengineers
700,2019-07-04,50.0,askengineers
701,2019-07-05,48.0,askengineers
702,2019-07-06,38.0,askengineers
703,2019-07-07,32.0,askengineers
704,2019-07-08,51.0,askengineers
705,2019-07-09,53.0,askengineers
706,2019-07-10,57.0,askengineers
707,2019-07-11,53.0,askengineers
708,2019-07-12,50.0,askengineers
709,2019-07-13,37.0,askengineers
710,2019-07-14,47.0,askengineers
711,2019-07-15,51.0,askengineers
712,2019-07-16,60.0,askengineers
713,2019-07-17,54.0,askengineers
714,2019-07-18,49.0,askengineers
715,2019-07-19,54.0,askengineers
716,2019-07-20,35.0,askengineers
717,2019-07-21,37.0,askengineers
718,2019-07-22,55.0,askengineers
719,2019-07-23,58.0,askengineers
720,2019-07-24,47.0,askengineers
721,2019-07-25,46.0,askengineers
722,2019-07-26,42.0,askengineers
723,2019-07-27,28.0,askengineers
724,2019-07-28,31.0,askengineers
725,2019-07-29,46.0,askengineers
726,2019-07-30,46.0,askengineers
727,2019-05-01,4.0,askphilosophy
728,2019-05-02,51.0,askphilosophy
729,2019-05-03,54.0,askphilosophy
730,2019-05-04,49.0,askphilosophy
731,2019-05-05,46.0,askphilosophy
732,2019-05-06,44.0,askphilosophy
733,2019-05-07,46.0,askphilosophy
734,2019-05-08,55.0,askphilosophy
735,2019-05-09,54.0,askphilosophy
736,2019-05-10,36.0,askphilosophy
737,2019-05-11,43.0,askphilosophy
738,2019-05-12,45.0,askphilosophy
739,2019-05-13,56.0,askphilosophy
740,2019-05-14,57.0,askphilosophy
741,2019-05-15,41.0,askphilosophy
742,2019-05-16,41.0,askphilosophy
743,2019-05-17,43.0,askphilosophy
744,2019-05-18,45.0,askphilosophy
745,2019-05-19,55.0,askphilosophy
746,2019-05-20,51.0,askphilosophy
747,2019-05-21,38.0,askphilosophy
748,2019-05-22,40.0,askphilosophy
749,2019-05-23,52.0,askphilosophy
750,2019-05-24,43.0,askphilosophy
751,2019-05-25,41.0,askphilosophy
752,2019-05-26,41.0,askphilosophy
753,2019-05-27,42.0,askphilosophy
754,2019-05-28,48.0,askphilosophy
755,2019-05-29,49.0,askphilosophy
756,2019-05-30,37.0,askphilosophy
757,2019-05-31,44.0,askphilosophy
758,2019-06-01,43.0,askphilosophy
759,2019-06-02,47.0,askphilosophy
760,2019-06-03,45.0,askphilosophy
761,2019-06-04,53.0,askphilosophy
762,2019-06-05,35.0,askphilosophy
763,2019-06-06,44.0,askphilosophy
764,2019-06-07,48.0,askphilosophy
765,2019-06-08,36.0,askphilosophy
766,2019-06-09,51.0,askphilosophy
767,2019-06-10,52.0,askphilosophy
768,2019-06-11,32.0,askphilosophy
769,2019-06-12,51.0,askphilosophy
770,2019-06-13,43.0,askphilosophy
771,2019-06-14,33.0,askphilosophy
772,2019-06-15,46.0,askphilosophy
773,2019-06-16,37.0,askphilosophy
774,2019-06-17,44.0,askphilosophy
775,2019-06-18,32.0,askphilosophy
776,2019-06-19,40.0,askphilosophy
777,2019-06-20,48.0,askphilosophy
778,2019-06-21,38.0,askphilosophy
779,2019-06-22,40.0,askphilosophy
780,2019-06-23,45.0,askphilosophy
781,2019-06-24,48.0,askphilosophy
782,2019-06-25,36.0,askphilosophy
783,2019-06-26,34.0,askphilosophy
784,2019-06-27,32.0,askphilosophy
785,2019-06-28,35.0,askphilosophy
786,2019-06-29,48.0,askphilosophy
787,2019-06-30,37.0,askphilosophy
788,2019-07-01,55.0,askphilosophy
789,2019-07-02,36.0,askphilosophy
790,2019-07-03,48.0,askphilosophy
791,2019-07-04,34.0,askphilosophy
792,2019-07-05,35.0,askphilosophy
793,2019-07-06,37.0,askphilosophy
794,2019-07-07,44.0,askphilosophy
795,2019-07-08,48.0,askphilosophy
796,2019-07-09,44.0,askphilosophy
797,2019-07-10,45.0,askphilosophy
798,2019-07-11,44.0,askphilosophy
799,2019-07-12,44.0,askphilosophy
800,2019-07-13,39.0,askphilosophy
801,2019-07-14,28.0,askphilosophy
802,2019-07-15,50.0,askphilosophy
803,2019-07-16,35.0,askphilosophy
804,2019-07-17,53.0,askphilosophy
805,2019-07-18,43.0,askphilosophy
806,2019-07-19,42.0,askphilosophy
807,2019-07-20,41.0,askphilosophy
808,2019-07-21,43.0,askphilosophy
809,2019-07-22,39.0,askphilosophy
810,2019-07-23,40.0,askphilosophy
811,2019-07-24,39.0,askphilosophy
812,2019-07-25,49.0,askphilosophy
813,2019-07-26,39.0,askphilosophy
814,2019-07-27,40.0,askphilosophy
815,2019-07-28,44.0,askphilosophy
816,2019-07-29,54.0,askphilosophy
817,2019-07-30,56.0,askphilosophy
