,date,comments_count,subreddit
0,2019-05-01,14054.0,askreddit
1,2019-05-02,258689.0,askreddit
2,2019-05-03,240417.0,askreddit
3,2019-05-04,213052.0,askreddit
4,2019-05-05,240292.0,askreddit
5,2019-05-06,226120.0,askreddit
6,2019-05-07,240533.0,askreddit
7,2019-05-08,237829.0,askreddit
8,2019-05-09,243105.0,askreddit
9,2019-05-10,204825.0,askreddit
10,2019-05-11,192360.0,askreddit
11,2019-05-12,191962.0,askreddit
12,2019-05-13,207818.0,askreddit
13,2019-05-14,227558.0,askreddit
14,2019-05-15,231408.0,askreddit
15,2019-05-16,211800.0,askreddit
16,2019-05-17,228967.0,askreddit
17,2019-05-18,207543.0,askreddit
18,2019-05-19,206035.0,askreddit
19,2019-05-20,180329.0,askreddit
20,2019-05-21,200478.0,askreddit
21,2019-05-22,207800.0,askreddit
22,2019-05-23,195942.0,askreddit
23,2019-05-24,204219.0,askreddit
24,2019-05-25,172139.0,askreddit
25,2019-05-26,175827.0,askreddit
26,2019-05-27,219813.0,askreddit
27,2019-05-28,281354.0,askreddit
28,2019-05-29,273049.0,askreddit
29,2019-05-30,256909.0,askreddit
30,2019-05-31,299182.0,askreddit
31,2019-06-01,208195.0,askreddit
32,2019-06-02,231849.0,askreddit
33,2019-06-03,244472.0,askreddit
34,2019-06-04,288978.0,askreddit
35,2019-06-05,259206.0,askreddit
36,2019-06-06,253594.0,askreddit
37,2019-06-07,213000.0,askreddit
38,2019-06-08,220523.0,askreddit
39,2019-06-09,230137.0,askreddit
40,2019-06-10,226699.0,askreddit
41,2019-06-11,266611.0,askreddit
42,2019-06-12,252842.0,askreddit
43,2019-06-13,255905.0,askreddit
44,2019-06-14,246301.0,askreddit
45,2019-06-15,223522.0,askreddit
46,2019-06-16,210460.0,askreddit
47,2019-06-17,235246.0,askreddit
48,2019-06-18,272362.0,askreddit
49,2019-06-19,269850.0,askreddit
50,2019-06-20,262090.0,askreddit
51,2019-06-21,256917.0,askreddit
52,2019-06-22,226395.0,askreddit
53,2019-06-23,235237.0,askreddit
54,2019-06-24,249299.0,askreddit
55,2019-06-25,232278.0,askreddit
56,2019-06-26,272868.0,askreddit
57,2019-06-27,268194.0,askreddit
58,2019-06-28,255213.0,askreddit
59,2019-06-29,220408.0,askreddit
60,2019-06-30,201812.0,askreddit
61,2019-07-01,216989.0,askreddit
62,2019-07-02,252445.0,askreddit
63,2019-07-03,224643.0,askreddit
64,2019-07-04,237233.0,askreddit
65,2019-07-05,221523.0,askreddit
66,2019-07-06,241683.0,askreddit
67,2019-07-07,203044.0,askreddit
68,2019-07-08,227912.0,askreddit
69,2019-07-09,308845.0,askreddit
70,2019-07-10,276019.0,askreddit
71,2019-07-11,274564.0,askreddit
72,2019-07-12,280607.0,askreddit
73,2019-07-13,285981.0,askreddit
74,2019-07-14,270276.0,askreddit
75,2019-07-15,246759.0,askreddit
76,2019-07-16,332600.0,askreddit
77,2019-07-17,278392.0,askreddit
78,2019-07-18,305895.0,askreddit
79,2019-07-19,272385.0,askreddit
80,2019-07-20,258885.0,askreddit
81,2019-07-21,210544.0,askreddit
82,2019-07-22,279322.0,askreddit
83,2019-07-23,285947.0,askreddit
84,2019-07-24,288121.0,askreddit
85,2019-07-25,241888.0,askreddit
86,2019-07-26,283085.0,askreddit
87,2019-07-27,249604.0,askreddit
88,2019-07-28,262019.0,askreddit
89,2019-07-29,248444.0,askreddit
90,2019-07-30,246070.0,askreddit
91,2019-05-01,148.0,askscience
92,2019-05-02,1534.0,askscience
93,2019-05-03,1006.0,askscience
94,2019-05-04,1185.0,askscience
95,2019-05-05,771.0,askscience
96,2019-05-06,976.0,askscience
97,2019-05-07,1098.0,askscience
98,2019-05-08,1497.0,askscience
99,2019-05-09,1220.0,askscience
100,2019-05-10,1253.0,askscience
101,2019-05-11,1142.0,askscience
102,2019-05-12,906.0,askscience
103,2019-05-13,886.0,askscience
104,2019-05-14,1247.0,askscience
105,2019-05-15,1127.0,askscience
106,2019-05-16,1312.0,askscience
107,2019-05-17,1161.0,askscience
108,2019-05-18,875.0,askscience
109,2019-05-19,900.0,askscience
110,2019-05-20,706.0,askscience
111,2019-05-21,669.0,askscience
112,2019-05-22,1257.0,askscience
113,2019-05-23,1346.0,askscience
114,2019-05-24,875.0,askscience
115,2019-05-25,966.0,askscience
116,2019-05-26,940.0,askscience
117,2019-05-27,1478.0,askscience
118,2019-05-28,873.0,askscience
119,2019-05-29,941.0,askscience
120,2019-05-30,1099.0,askscience
121,2019-05-31,1204.0,askscience
122,2019-06-01,1316.0,askscience
123,2019-06-02,1100.0,askscience
124,2019-06-03,1170.0,askscience
125,2019-06-04,827.0,askscience
126,2019-06-05,1081.0,askscience
127,2019-06-06,1079.0,askscience
128,2019-06-07,895.0,askscience
129,2019-06-08,2260.0,askscience
130,2019-06-09,1042.0,askscience
131,2019-06-10,473.0,askscience
132,2019-06-11,1967.0,askscience
133,2019-06-12,1119.0,askscience
134,2019-06-13,1444.0,askscience
135,2019-06-14,648.0,askscience
136,2019-06-15,1284.0,askscience
137,2019-06-16,1131.0,askscience
138,2019-06-17,1474.0,askscience
139,2019-06-18,1243.0,askscience
140,2019-06-19,1321.0,askscience
141,2019-06-20,1694.0,askscience
142,2019-06-21,2034.0,askscience
143,2019-06-22,719.0,askscience
144,2019-06-23,965.0,askscience
145,2019-06-24,1163.0,askscience
146,2019-06-25,888.0,askscience
147,2019-06-26,2201.0,askscience
148,2019-06-27,1150.0,askscience
149,2019-06-28,1469.0,askscience
150,2019-06-29,1076.0,askscience
151,2019-06-30,1381.0,askscience
152,2019-07-01,1098.0,askscience
153,2019-07-02,1090.0,askscience
154,2019-07-03,1359.0,askscience
155,2019-07-04,1109.0,askscience
156,2019-07-05,1348.0,askscience
157,2019-07-06,1169.0,askscience
158,2019-07-07,1032.0,askscience
159,2019-07-08,1851.0,askscience
160,2019-07-09,1180.0,askscience
161,2019-07-10,981.0,askscience
162,2019-07-11,1315.0,askscience
163,2019-07-12,739.0,askscience
164,2019-07-13,767.0,askscience
165,2019-07-14,1152.0,askscience
166,2019-07-15,1074.0,askscience
167,2019-07-16,806.0,askscience
168,2019-07-17,1511.0,askscience
169,2019-07-18,1034.0,askscience
170,2019-07-19,1689.0,askscience
171,2019-07-20,1063.0,askscience
172,2019-07-21,1089.0,askscience
173,2019-07-22,637.0,askscience
174,2019-07-23,933.0,askscience
175,2019-07-24,1641.0,askscience
176,2019-07-25,1035.0,askscience
177,2019-07-26,1098.0,askscience
178,2019-07-27,728.0,askscience
179,2019-07-28,569.0,askscience
180,2019-07-29,1091.0,askscience
181,2019-07-30,932.0,askscience
182,2019-05-01,24.0,askhistorians
183,2019-05-02,486.0,askhistorians
184,2019-05-03,403.0,askhistorians
185,2019-05-04,494.0,askhistorians
186,2019-05-05,540.0,askhistorians
187,2019-05-06,421.0,askhistorians
188,2019-05-07,435.0,askhistorians
189,2019-05-08,594.0,askhistorians
190,2019-05-09,435.0,askhistorians
191,2019-05-10,385.0,askhistorians
192,2019-05-11,359.0,askhistorians
193,2019-05-12,692.0,askhistorians
194,2019-05-13,633.0,askhistorians
195,2019-05-14,420.0,askhistorians
196,2019-05-15,455.0,askhistorians
197,2019-05-16,453.0,askhistorians
198,2019-05-17,440.0,askhistorians
199,2019-05-18,600.0,askhistorians
200,2019-05-19,454.0,askhistorians
201,2019-05-20,423.0,askhistorians
202,2019-05-21,491.0,askhistorians
203,2019-05-22,374.0,askhistorians
204,2019-05-23,555.0,askhistorians
205,2019-05-24,570.0,askhistorians
206,2019-05-25,413.0,askhistorians
207,2019-05-26,399.0,askhistorians
208,2019-05-27,559.0,askhistorians
209,2019-05-28,489.0,askhistorians
210,2019-05-29,655.0,askhistorians
211,2019-05-30,549.0,askhistorians
212,2019-05-31,478.0,askhistorians
213,2019-06-01,908.0,askhistorians
214,2019-06-02,598.0,askhistorians
215,2019-06-03,563.0,askhistorians
216,2019-06-04,462.0,askhistorians
217,2019-06-05,498.0,askhistorians
218,2019-06-06,611.0,askhistorians
219,2019-06-07,568.0,askhistorians
220,2019-06-08,607.0,askhistorians
221,2019-06-09,568.0,askhistorians
222,2019-06-10,569.0,askhistorians
223,2019-06-11,750.0,askhistorians
224,2019-06-12,588.0,askhistorians
225,2019-06-13,603.0,askhistorians
226,2019-06-14,549.0,askhistorians
227,2019-06-15,491.0,askhistorians
228,2019-06-16,714.0,askhistorians
229,2019-06-17,603.0,askhistorians
230,2019-06-18,469.0,askhistorians
231,2019-06-19,723.0,askhistorians
232,2019-06-20,749.0,askhistorians
233,2019-06-21,538.0,askhistorians
234,2019-06-22,519.0,askhistorians
235,2019-06-23,614.0,askhistorians
236,2019-06-24,667.0,askhistorians
237,2019-06-25,459.0,askhistorians
238,2019-06-26,476.0,askhistorians
239,2019-06-27,636.0,askhistorians
240,2019-06-28,462.0,askhistorians
241,2019-06-29,399.0,askhistorians
242,2019-06-30,549.0,askhistorians
243,2019-07-01,634.0,askhistorians
244,2019-07-02,639.0,askhistorians
245,2019-07-03,686.0,askhistorians
246,2019-07-04,608.0,askhistorians
247,2019-07-05,622.0,askhistorians
248,2019-07-06,464.0,askhistorians
249,2019-07-07,1222.0,askhistorians
250,2019-07-08,1067.0,askhistorians
251,2019-07-09,817.0,askhistorians
252,2019-07-10,750.0,askhistorians
253,2019-07-11,787.0,askhistorians
254,2019-07-12,797.0,askhistorians
255,2019-07-13,600.0,askhistorians
256,2019-07-14,609.0,askhistorians
257,2019-07-15,677.0,askhistorians
258,2019-07-16,611.0,askhistorians
259,2019-07-17,622.0,askhistorians
260,2019-07-18,714.0,askhistorians
261,2019-07-19,616.0,askhistorians
262,2019-07-20,561.0,askhistorians
263,2019-07-21,832.0,askhistorians
264,2019-07-22,678.0,askhistorians
265,2019-07-23,753.0,askhistorians
266,2019-07-24,614.0,askhistorians
267,2019-07-25,736.0,askhistorians
268,2019-07-26,670.0,askhistorians
269,2019-07-27,570.0,askhistorians
270,2019-07-28,648.0,askhistorians
271,2019-07-29,690.0,askhistorians
272,2019-07-30,626.0,askhistorians
273,2019-05-01,5.0,askcomputerscience
274,2019-05-02,83.0,askcomputerscience
275,2019-05-03,58.0,askcomputerscience
276,2019-05-04,41.0,askcomputerscience
277,2019-05-05,21.0,askcomputerscience
278,2019-05-06,46.0,askcomputerscience
279,2019-05-07,106.0,askcomputerscience
280,2019-05-08,86.0,askcomputerscience
281,2019-05-09,109.0,askcomputerscience
282,2019-05-10,125.0,askcomputerscience
283,2019-05-11,57.0,askcomputerscience
284,2019-05-12,63.0,askcomputerscience
285,2019-05-13,65.0,askcomputerscience
286,2019-05-14,82.0,askcomputerscience
287,2019-05-15,67.0,askcomputerscience
288,2019-05-16,83.0,askcomputerscience
289,2019-05-17,57.0,askcomputerscience
290,2019-05-18,47.0,askcomputerscience
291,2019-05-19,56.0,askcomputerscience
292,2019-05-20,55.0,askcomputerscience
293,2019-05-21,26.0,askcomputerscience
294,2019-05-22,98.0,askcomputerscience
295,2019-05-23,55.0,askcomputerscience
296,2019-05-24,77.0,askcomputerscience
297,2019-05-25,64.0,askcomputerscience
298,2019-05-26,30.0,askcomputerscience
299,2019-05-27,46.0,askcomputerscience
300,2019-05-28,71.0,askcomputerscience
301,2019-05-29,90.0,askcomputerscience
302,2019-05-30,58.0,askcomputerscience
303,2019-05-31,31.0,askcomputerscience
304,2019-06-01,17.0,askcomputerscience
305,2019-06-02,37.0,askcomputerscience
306,2019-06-03,67.0,askcomputerscience
307,2019-06-04,41.0,askcomputerscience
308,2019-06-05,95.0,askcomputerscience
309,2019-06-06,64.0,askcomputerscience
310,2019-06-07,51.0,askcomputerscience
311,2019-06-08,31.0,askcomputerscience
312,2019-06-09,37.0,askcomputerscience
313,2019-06-10,55.0,askcomputerscience
314,2019-06-11,39.0,askcomputerscience
315,2019-06-12,68.0,askcomputerscience
316,2019-06-13,38.0,askcomputerscience
317,2019-06-14,55.0,askcomputerscience
318,2019-06-15,25.0,askcomputerscience
319,2019-06-16,31.0,askcomputerscience
320,2019-06-17,50.0,askcomputerscience
321,2019-06-18,42.0,askcomputerscience
322,2019-06-19,76.0,askcomputerscience
323,2019-06-20,46.0,askcomputerscience
324,2019-06-21,46.0,askcomputerscience
325,2019-06-22,29.0,askcomputerscience
326,2019-06-23,59.0,askcomputerscience
327,2019-06-24,47.0,askcomputerscience
328,2019-06-25,60.0,askcomputerscience
329,2019-06-26,23.0,askcomputerscience
330,2019-06-27,30.0,askcomputerscience
331,2019-06-28,43.0,askcomputerscience
332,2019-06-29,52.0,askcomputerscience
333,2019-06-30,37.0,askcomputerscience
334,2019-07-01,23.0,askcomputerscience
335,2019-07-02,77.0,askcomputerscience
336,2019-07-03,37.0,askcomputerscience
337,2019-07-04,40.0,askcomputerscience
338,2019-07-05,44.0,askcomputerscience
339,2019-07-06,113.0,askcomputerscience
340,2019-07-07,67.0,askcomputerscience
341,2019-07-08,96.0,askcomputerscience
342,2019-07-09,71.0,askcomputerscience
343,2019-07-10,60.0,askcomputerscience
344,2019-07-11,47.0,askcomputerscience
345,2019-07-12,106.0,askcomputerscience
346,2019-07-13,37.0,askcomputerscience
347,2019-07-14,30.0,askcomputerscience
348,2019-07-15,52.0,askcomputerscience
349,2019-07-16,64.0,askcomputerscience
350,2019-07-17,68.0,askcomputerscience
351,2019-07-18,19.0,askcomputerscience
352,2019-07-19,41.0,askcomputerscience
353,2019-07-20,38.0,askcomputerscience
354,2019-07-21,77.0,askcomputerscience
355,2019-07-22,54.0,askcomputerscience
356,2019-07-23,56.0,askcomputerscience
357,2019-07-24,35.0,askcomputerscience
358,2019-07-25,37.0,askcomputerscience
359,2019-07-26,55.0,askcomputerscience
360,2019-07-27,47.0,askcomputerscience
361,2019-07-28,33.0,askcomputerscience
362,2019-07-29,38.0,askcomputerscience
363,2019-07-30,102.0,askcomputerscience
364,2019-05-01,31.0,askculinary
365,2019-05-02,383.0,askculinary
366,2019-05-03,411.0,askculinary
367,2019-05-04,336.0,askculinary
368,2019-05-05,257.0,askculinary
369,2019-05-06,397.0,askculinary
370,2019-05-07,522.0,askculinary
371,2019-05-08,678.0,askculinary
372,2019-05-09,468.0,askculinary
373,2019-05-10,380.0,askculinary
374,2019-05-11,338.0,askculinary
375,2019-05-12,307.0,askculinary
376,2019-05-13,417.0,askculinary
377,2019-05-14,408.0,askculinary
378,2019-05-15,430.0,askculinary
379,2019-05-16,507.0,askculinary
380,2019-05-17,366.0,askculinary
381,2019-05-18,339.0,askculinary
382,2019-05-19,386.0,askculinary
383,2019-05-20,411.0,askculinary
384,2019-05-21,598.0,askculinary
385,2019-05-22,733.0,askculinary
386,2019-05-23,378.0,askculinary
387,2019-05-24,400.0,askculinary
388,2019-05-25,161.0,askculinary
389,2019-05-26,381.0,askculinary
390,2019-05-27,346.0,askculinary
391,2019-05-28,470.0,askculinary
392,2019-05-29,572.0,askculinary
393,2019-05-30,330.0,askculinary
394,2019-05-31,416.0,askculinary
395,2019-06-01,369.0,askculinary
396,2019-06-02,310.0,askculinary
397,2019-06-03,405.0,askculinary
398,2019-06-04,469.0,askculinary
399,2019-06-05,557.0,askculinary
400,2019-06-06,344.0,askculinary
401,2019-06-07,366.0,askculinary
402,2019-06-08,430.0,askculinary
403,2019-06-09,476.0,askculinary
404,2019-06-10,377.0,askculinary
405,2019-06-11,581.0,askculinary
406,2019-06-12,385.0,askculinary
407,2019-06-13,393.0,askculinary
408,2019-06-14,404.0,askculinary
409,2019-06-15,299.0,askculinary
410,2019-06-16,356.0,askculinary
411,2019-06-17,452.0,askculinary
412,2019-06-18,509.0,askculinary
413,2019-06-19,440.0,askculinary
414,2019-06-20,433.0,askculinary
415,2019-06-21,340.0,askculinary
416,2019-06-22,303.0,askculinary
417,2019-06-23,362.0,askculinary
418,2019-06-24,429.0,askculinary
419,2019-06-25,531.0,askculinary
420,2019-06-26,456.0,askculinary
421,2019-06-27,524.0,askculinary
422,2019-06-28,394.0,askculinary
423,2019-06-29,395.0,askculinary
424,2019-06-30,283.0,askculinary
425,2019-07-01,466.0,askculinary
426,2019-07-02,368.0,askculinary
427,2019-07-03,465.0,askculinary
428,2019-07-04,520.0,askculinary
429,2019-07-05,584.0,askculinary
430,2019-07-06,402.0,askculinary
431,2019-07-07,612.0,askculinary
432,2019-07-08,611.0,askculinary
433,2019-07-09,388.0,askculinary
434,2019-07-10,384.0,askculinary
435,2019-07-11,576.0,askculinary
436,2019-07-12,407.0,askculinary
437,2019-07-13,600.0,askculinary
438,2019-07-14,396.0,askculinary
439,2019-07-15,376.0,askculinary
440,2019-07-16,547.0,askculinary
441,2019-07-17,523.0,askculinary
442,2019-07-18,442.0,askculinary
443,2019-07-19,601.0,askculinary
444,2019-07-20,400.0,askculinary
445,2019-07-21,569.0,askculinary
446,2019-07-22,524.0,askculinary
447,2019-07-23,563.0,askculinary
448,2019-07-24,447.0,askculinary
449,2019-07-25,663.0,askculinary
450,2019-07-26,503.0,askculinary
451,2019-07-27,377.0,askculinary
452,2019-07-28,474.0,askculinary
453,2019-07-29,484.0,askculinary
454,2019-07-30,380.0,askculinary
455,2019-05-01,5.0,trueaskreddit
456,2019-05-02,54.0,trueaskreddit
457,2019-05-03,61.0,trueaskreddit
458,2019-05-04,40.0,trueaskreddit
459,2019-05-05,84.0,trueaskreddit
460,2019-05-06,125.0,trueaskreddit
461,2019-05-07,97.0,trueaskreddit
462,2019-05-08,162.0,trueaskreddit
463,2019-05-09,154.0,trueaskreddit
464,2019-05-10,72.0,trueaskreddit
465,2019-05-11,219.0,trueaskreddit
466,2019-05-12,227.0,trueaskreddit
467,2019-05-13,293.0,trueaskreddit
468,2019-05-14,184.0,trueaskreddit
469,2019-05-15,83.0,trueaskreddit
470,2019-05-16,138.0,trueaskreddit
471,2019-05-17,76.0,trueaskreddit
472,2019-05-18,49.0,trueaskreddit
473,2019-05-19,170.0,trueaskreddit
474,2019-05-20,117.0,trueaskreddit
475,2019-05-21,135.0,trueaskreddit
476,2019-05-22,393.0,trueaskreddit
477,2019-05-23,374.0,trueaskreddit
478,2019-05-24,55.0,trueaskreddit
479,2019-05-25,72.0,trueaskreddit
480,2019-05-26,210.0,trueaskreddit
481,2019-05-27,93.0,trueaskreddit
482,2019-05-28,105.0,trueaskreddit
483,2019-05-29,294.0,trueaskreddit
484,2019-05-30,126.0,trueaskreddit
485,2019-05-31,98.0,trueaskreddit
486,2019-06-01,75.0,trueaskreddit
487,2019-06-02,101.0,trueaskreddit
488,2019-06-03,200.0,trueaskreddit
489,2019-06-04,103.0,trueaskreddit
490,2019-06-05,178.0,trueaskreddit
491,2019-06-06,252.0,trueaskreddit
492,2019-06-07,97.0,trueaskreddit
493,2019-06-08,132.0,trueaskreddit
494,2019-06-09,57.0,trueaskreddit
495,2019-06-10,90.0,trueaskreddit
496,2019-06-11,89.0,trueaskreddit
497,2019-06-12,119.0,trueaskreddit
498,2019-06-13,159.0,trueaskreddit
499,2019-06-14,116.0,trueaskreddit
500,2019-06-15,111.0,trueaskreddit
501,2019-06-16,194.0,trueaskreddit
502,2019-06-17,66.0,trueaskreddit
503,2019-06-18,229.0,trueaskreddit
504,2019-06-19,248.0,trueaskreddit
505,2019-06-20,135.0,trueaskreddit
506,2019-06-21,106.0,trueaskreddit
507,2019-06-22,88.0,trueaskreddit
508,2019-06-23,156.0,trueaskreddit
509,2019-06-24,213.0,trueaskreddit
510,2019-06-25,224.0,trueaskreddit
511,2019-06-26,271.0,trueaskreddit
512,2019-06-27,65.0,trueaskreddit
513,2019-06-28,155.0,trueaskreddit
514,2019-06-29,65.0,trueaskreddit
515,2019-06-30,54.0,trueaskreddit
516,2019-07-01,147.0,trueaskreddit
517,2019-07-02,278.0,trueaskreddit
518,2019-07-03,129.0,trueaskreddit
519,2019-07-04,79.0,trueaskreddit
520,2019-07-05,146.0,trueaskreddit
521,2019-07-06,61.0,trueaskreddit
522,2019-07-07,22.0,trueaskreddit
523,2019-07-08,107.0,trueaskreddit
524,2019-07-09,126.0,trueaskreddit
525,2019-07-10,182.0,trueaskreddit
526,2019-07-11,31.0,trueaskreddit
527,2019-07-12,66.0,trueaskreddit
528,2019-07-13,108.0,trueaskreddit
529,2019-07-14,78.0,trueaskreddit
530,2019-07-15,94.0,trueaskreddit
531,2019-07-16,153.0,trueaskreddit
532,2019-07-17,138.0,trueaskreddit
533,2019-07-18,116.0,trueaskreddit
534,2019-07-19,68.0,trueaskreddit
535,2019-07-20,98.0,trueaskreddit
536,2019-07-21,249.0,trueaskreddit
537,2019-07-22,309.0,trueaskreddit
538,2019-07-23,78.0,trueaskreddit
539,2019-07-24,61.0,trueaskreddit
540,2019-07-25,60.0,trueaskreddit
541,2019-07-26,143.0,trueaskreddit
542,2019-07-27,86.0,trueaskreddit
543,2019-07-28,75.0,trueaskreddit
544,2019-07-29,97.0,trueaskreddit
545,2019-07-30,51.0,trueaskreddit
546,2019-05-02,49.0,asksocialscience
547,2019-05-03,14.0,asksocialscience
548,2019-05-04,17.0,asksocialscience
549,2019-05-05,36.0,asksocialscience
550,2019-05-06,57.0,asksocialscience
551,2019-05-07,57.0,asksocialscience
552,2019-05-08,31.0,asksocialscience
553,2019-05-09,55.0,asksocialscience
554,2019-05-10,83.0,asksocialscience
555,2019-05-11,29.0,asksocialscience
556,2019-05-12,73.0,asksocialscience
557,2019-05-13,24.0,asksocialscience
558,2019-05-14,52.0,asksocialscience
559,2019-05-15,39.0,asksocialscience
560,2019-05-16,66.0,asksocialscience
561,2019-05-17,42.0,asksocialscience
562,2019-05-18,53.0,asksocialscience
563,2019-05-19,43.0,asksocialscience
564,2019-05-20,11.0,asksocialscience
565,2019-05-21,38.0,asksocialscience
566,2019-05-22,43.0,asksocialscience
567,2019-05-23,65.0,asksocialscience
568,2019-05-24,43.0,asksocialscience
569,2019-05-25,52.0,asksocialscience
570,2019-05-26,48.0,asksocialscience
571,2019-05-27,14.0,asksocialscience
572,2019-05-28,50.0,asksocialscience
573,2019-05-29,50.0,asksocialscience
574,2019-05-30,93.0,asksocialscience
575,2019-05-31,60.0,asksocialscience
576,2019-06-01,31.0,asksocialscience
577,2019-06-02,59.0,asksocialscience
578,2019-06-03,13.0,asksocialscience
579,2019-06-04,30.0,asksocialscience
580,2019-06-05,61.0,asksocialscience
581,2019-06-06,54.0,asksocialscience
582,2019-06-07,48.0,asksocialscience
583,2019-06-08,27.0,asksocialscience
584,2019-06-09,47.0,asksocialscience
585,2019-06-10,27.0,asksocialscience
586,2019-06-11,34.0,asksocialscience
587,2019-06-12,28.0,asksocialscience
588,2019-06-13,33.0,asksocialscience
589,2019-06-14,43.0,asksocialscience
590,2019-06-15,32.0,asksocialscience
591,2019-06-16,42.0,asksocialscience
592,2019-06-17,28.0,asksocialscience
593,2019-06-18,12.0,asksocialscience
594,2019-06-19,13.0,asksocialscience
595,2019-06-20,36.0,asksocialscience
596,2019-06-21,52.0,asksocialscience
597,2019-06-22,36.0,asksocialscience
598,2019-06-23,81.0,asksocialscience
599,2019-06-24,42.0,asksocialscience
600,2019-06-25,39.0,asksocialscience
601,2019-06-26,14.0,asksocialscience
602,2019-06-27,28.0,asksocialscience
603,2019-06-28,18.0,asksocialscience
604,2019-06-29,52.0,asksocialscience
605,2019-06-30,42.0,asksocialscience
606,2019-07-01,26.0,asksocialscience
607,2019-07-02,41.0,asksocialscience
608,2019-07-03,12.0,asksocialscience
609,2019-07-04,16.0,asksocialscience
610,2019-07-05,34.0,asksocialscience
611,2019-07-06,47.0,asksocialscience
612,2019-07-07,22.0,asksocialscience
613,2019-07-08,59.0,asksocialscience
614,2019-07-09,35.0,asksocialscience
615,2019-07-10,41.0,asksocialscience
616,2019-07-11,33.0,asksocialscience
617,2019-07-12,26.0,asksocialscience
618,2019-07-13,27.0,asksocialscience
619,2019-07-14,25.0,asksocialscience
620,2019-07-15,29.0,asksocialscience
621,2019-07-16,35.0,asksocialscience
622,2019-07-17,28.0,asksocialscience
623,2019-07-18,25.0,asksocialscience
624,2019-07-19,38.0,asksocialscience
625,2019-07-20,29.0,asksocialscience
626,2019-07-21,12.0,asksocialscience
627,2019-07-22,24.0,asksocialscience
628,2019-07-23,18.0,asksocialscience
629,2019-07-24,25.0,asksocialscience
630,2019-07-25,37.0,asksocialscience
631,2019-07-26,38.0,asksocialscience
632,2019-07-27,15.0,asksocialscience
633,2019-07-28,13.0,asksocialscience
634,2019-07-29,50.0,asksocialscience
635,2019-07-30,46.0,asksocialscience
636,2019-05-01,36.0,askengineers
637,2019-05-02,541.0,askengineers
638,2019-05-03,477.0,askengineers
639,2019-05-04,294.0,askengineers
640,2019-05-05,291.0,askengineers
641,2019-05-06,472.0,askengineers
642,2019-05-07,465.0,askengineers
643,2019-05-08,460.0,askengineers
644,2019-05-09,506.0,askengineers
645,2019-05-10,477.0,askengineers
646,2019-05-11,381.0,askengineers
647,2019-05-12,313.0,askengineers
648,2019-05-13,387.0,askengineers
649,2019-05-14,354.0,askengineers
650,2019-05-15,488.0,askengineers
651,2019-05-16,419.0,askengineers
652,2019-05-17,665.0,askengineers
653,2019-05-18,405.0,askengineers
654,2019-05-19,290.0,askengineers
655,2019-05-20,338.0,askengineers
656,2019-05-21,434.0,askengineers
657,2019-05-22,449.0,askengineers
658,2019-05-23,566.0,askengineers
659,2019-05-24,465.0,askengineers
660,2019-05-25,423.0,askengineers
661,2019-05-26,679.0,askengineers
662,2019-05-27,565.0,askengineers
663,2019-05-28,550.0,askengineers
664,2019-05-29,583.0,askengineers
665,2019-05-30,506.0,askengineers
666,2019-05-31,379.0,askengineers
667,2019-06-01,544.0,askengineers
668,2019-06-02,390.0,askengineers
669,2019-06-03,337.0,askengineers
670,2019-06-04,503.0,askengineers
671,2019-06-05,567.0,askengineers
672,2019-06-06,470.0,askengineers
673,2019-06-07,494.0,askengineers
674,2019-06-08,431.0,askengineers
675,2019-06-09,455.0,askengineers
676,2019-06-10,491.0,askengineers
677,2019-06-11,468.0,askengineers
678,2019-06-12,651.0,askengineers
679,2019-06-13,461.0,askengineers
680,2019-06-14,776.0,askengineers
681,2019-06-15,334.0,askengineers
682,2019-06-16,407.0,askengineers
683,2019-06-17,409.0,askengineers
684,2019-06-18,420.0,askengineers
685,2019-06-19,671.0,askengineers
686,2019-06-20,661.0,askengineers
687,2019-06-21,562.0,askengineers
688,2019-06-22,412.0,askengineers
689,2019-06-23,458.0,askengineers
690,2019-06-24,438.0,askengineers
691,2019-06-25,606.0,askengineers
692,2019-06-26,601.0,askengineers
693,2019-06-27,756.0,askengineers
694,2019-06-28,689.0,askengineers
695,2019-06-29,307.0,askengineers
696,2019-06-30,393.0,askengineers
697,2019-07-01,716.0,askengineers
698,2019-07-02,621.0,askengineers
699,2019-07-03,468.0,askengineers
700,2019-07-04,374.0,askengineers
701,2019-07-05,372.0,askengineers
702,2019-07-06,424.0,askengineers
703,2019-07-07,597.0,askengineers
704,2019-07-08,648.0,askengineers
705,2019-07-09,572.0,askengineers
706,2019-07-10,678.0,askengineers
707,2019-07-11,641.0,askengineers
708,2019-07-12,511.0,askengineers
709,2019-07-13,332.0,askengineers
710,2019-07-14,619.0,askengineers
711,2019-07-15,507.0,askengineers
712,2019-07-16,503.0,askengineers
713,2019-07-17,618.0,askengineers
714,2019-07-18,521.0,askengineers
715,2019-07-19,588.0,askengineers
716,2019-07-20,278.0,askengineers
717,2019-07-21,348.0,askengineers
718,2019-07-22,396.0,askengineers
719,2019-07-23,567.0,askengineers
720,2019-07-24,331.0,askengineers
721,2019-07-25,378.0,askengineers
722,2019-07-26,416.0,askengineers
723,2019-07-27,464.0,askengineers
724,2019-07-28,386.0,askengineers
725,2019-07-29,463.0,askengineers
726,2019-07-30,526.0,askengineers
727,2019-05-01,48.0,askphilosophy
728,2019-05-02,429.0,askphilosophy
729,2019-05-03,346.0,askphilosophy
730,2019-05-04,296.0,askphilosophy
731,2019-05-05,380.0,askphilosophy
732,2019-05-06,429.0,askphilosophy
733,2019-05-07,262.0,askphilosophy
734,2019-05-08,302.0,askphilosophy
735,2019-05-09,334.0,askphilosophy
736,2019-05-10,301.0,askphilosophy
737,2019-05-11,309.0,askphilosophy
738,2019-05-12,258.0,askphilosophy
739,2019-05-13,389.0,askphilosophy
740,2019-05-14,326.0,askphilosophy
741,2019-05-15,283.0,askphilosophy
742,2019-05-16,256.0,askphilosophy
743,2019-05-17,338.0,askphilosophy
744,2019-05-18,382.0,askphilosophy
745,2019-05-19,296.0,askphilosophy
746,2019-05-20,290.0,askphilosophy
747,2019-05-21,280.0,askphilosophy
748,2019-05-22,256.0,askphilosophy
749,2019-05-23,360.0,askphilosophy
750,2019-05-24,363.0,askphilosophy
751,2019-05-25,245.0,askphilosophy
752,2019-05-26,186.0,askphilosophy
753,2019-05-27,225.0,askphilosophy
754,2019-05-28,405.0,askphilosophy
755,2019-05-29,306.0,askphilosophy
756,2019-05-30,302.0,askphilosophy
757,2019-05-31,304.0,askphilosophy
758,2019-06-01,262.0,askphilosophy
759,2019-06-02,332.0,askphilosophy
760,2019-06-03,423.0,askphilosophy
761,2019-06-04,279.0,askphilosophy
762,2019-06-05,376.0,askphilosophy
763,2019-06-06,377.0,askphilosophy
764,2019-06-07,463.0,askphilosophy
765,2019-06-08,351.0,askphilosophy
766,2019-06-09,269.0,askphilosophy
767,2019-06-10,343.0,askphilosophy
768,2019-06-11,241.0,askphilosophy
769,2019-06-12,260.0,askphilosophy
770,2019-06-13,261.0,askphilosophy
771,2019-06-14,249.0,askphilosophy
772,2019-06-15,272.0,askphilosophy
773,2019-06-16,198.0,askphilosophy
774,2019-06-17,257.0,askphilosophy
775,2019-06-18,162.0,askphilosophy
776,2019-06-19,237.0,askphilosophy
777,2019-06-20,341.0,askphilosophy
778,2019-06-21,311.0,askphilosophy
779,2019-06-22,310.0,askphilosophy
780,2019-06-23,242.0,askphilosophy
781,2019-06-24,328.0,askphilosophy
782,2019-06-25,239.0,askphilosophy
783,2019-06-26,327.0,askphilosophy
784,2019-06-27,275.0,askphilosophy
785,2019-06-28,249.0,askphilosophy
786,2019-06-29,227.0,askphilosophy
787,2019-06-30,246.0,askphilosophy
788,2019-07-01,334.0,askphilosophy
789,2019-07-02,372.0,askphilosophy
790,2019-07-03,328.0,askphilosophy
791,2019-07-04,227.0,askphilosophy
792,2019-07-05,272.0,askphilosophy
793,2019-07-06,328.0,askphilosophy
794,2019-07-07,264.0,askphilosophy
795,2019-07-08,282.0,askphilosophy
796,2019-07-09,225.0,askphilosophy
797,2019-07-10,369.0,askphilosophy
798,2019-07-11,261.0,askphilosophy
799,2019-07-12,311.0,askphilosophy
800,2019-07-13,362.0,askphilosophy
801,2019-07-14,265.0,askphilosophy
802,2019-07-15,336.0,askphilosophy
803,2019-07-16,285.0,askphilosophy
804,2019-07-17,429.0,askphilosophy
805,2019-07-18,377.0,askphilosophy
806,2019-07-19,267.0,askphilosophy
807,2019-07-20,307.0,askphilosophy
808,2019-07-21,352.0,askphilosophy
809,2019-07-22,312.0,askphilosophy
810,2019-07-23,330.0,askphilosophy
811,2019-07-24,312.0,askphilosophy
812,2019-07-25,293.0,askphilosophy
813,2019-07-26,210.0,askphilosophy
814,2019-07-27,248.0,askphilosophy
815,2019-07-28,309.0,askphilosophy
816,2019-07-29,443.0,askphilosophy
817,2019-07-30,415.0,askphilosophy
